Workbook

Sheet X
A1: DAFTAR NILAI SEKOLAH MENENGAH KEJURUAN DOA BANGSA
A2: TAHUN PELAJARAN 2024/2025
A3: SEMESTER GENAP
A5: NO | B5: NIS | C5: NAMA SISWA | D5: L/P | F5: KELAS | G5: PENILAIAN
G6: KOMPETENSI KEAHLIAN
G7: DPK 3 REKAYASA PERANGKAT LUNAK
G8: NT | I8: NUH | J8: PTS | K8: PAS | M8: NR | N8: Konversi PAS | O8: Nilai | P8: NILAI
A9: 1 | B9: 2 | C9: 3 | D9: 4 | F9: 5 | G9: JLM ABSENSI | H9: NILAI | I9: P.HARIAN | J9: TEORI | K9: TEORI | L9: PRAKTEK | N9: RAPORT | O9: Raport | P9: RAPORT
A10: 1 | B10: 242501001 | C10: ALVIN PRASETIA | D10: √ | F10: ACP | G10: 0 | H10: =IF(G10>15,"84",IF(G10>7,"78","60")) -> 60 | I10: 0 | J10: 0 | K10: 0 | L10: 0 | M10: =AVERAGE(H10:L10) -> 0 | N10: =$M$58+((M10-$M$56)/($M$55-$M$56))*($M$59-$M$58) -> #DIV/0! | O10: =(0.1*G10)+(0.5*I10)+(0.15*J10)+(0.25*M10) -> 0 | P10: =$O$58+((O10-$O$56)/($O$55-$O$56))*($O$59-$O$58) -> #DIV/0! | Q10: RANK POIN BINTANG
A11: 2 | B11: 242501002 | C11: AKBAR MAULANA | D11: √ | F11: ACP | G11: 0 | H11: =IF(G11>15,"84",IF(G11>7,"78","60")) -> 60 | I11: 0 | J11: 0 | K11: 0 | L11: 0 | M11: =AVERAGE(H11:L11) -> 0 | N11: =$M$58+((M11-$M$56)/($M$55-$M$56))*($M$59-$M$58) -> #DIV/0! | O11: =(0.1*G11)+(0.5*I11)+(0.15*J11)+(0.25*M11) -> 0 | P11: =$O$58+((O11-$O$56)/($O$55-$O$56))*($O$59-$O$58) -> #DIV/0!
A12: 3 | B12: 242501003 | C12: FADIL ABDUL AZIZ | D12: √ | F12: ACP | G12: 0 | H12: =IF(G12>15,"84",IF(G12>7,"78","60")) -> 60 | I12: 0 | J12: 0 | K12: 0 | L12: 0 | M12: =AVERAGE(H12:L12) -> 0 | N12: =$M$58+((M12-$M$56)/($M$55-$M$56))*($M$59-$M$58) -> #DIV/0! | O12: =(0.1*G12)+(0.5*I12)+(0.15*J12)+(0.25*M12) -> 0 | P12: =$O$58+((O12-$O$56)/($O$55-$O$56))*($O$59-$O$58) -> #DIV/0! | Q12: <1 | R12: 78
A13: 4 | B13: 242501004 | C13: FAJAR MAULANA NUGRAHA | D13: √ | F13: ACP | G13: 0 | H13: =IF(G13>15,"84",IF(G13>7,"78","60")) -> 60 | I13: 0 | J13: 0 | K13: 0 | L13: 0 | M13: =AVERAGE(H13:L13) -> 0 | N13: =$M$58+((M13-$M$56)/($M$55-$M$56))*($M$59-$M$58) -> #DIV/0! | O13: =(0.1*G13)+(0.5*I13)+(0.15*J13)+(0.25*M13) -> 0 | P13: =$O$58+((O13-$O$56)/($O$55-$O$56))*($O$59-$O$58) -> #DIV/0! | Q13: 1>2 | R13: 80
A14: 5 | B14: 242501105 | C14: KHANSA AZRIZA | E14: √ | F14: ACP | G14: 0 | H14: =IF(G14>15,"84",IF(G14>7,"78","60")) -> 60 | I14: 0 | J14: 0 | K14: 0 | L14: 0 | M14: =AVERAGE(H14:L14) -> 0 | N14: =$M$58+((M14-$M$56)/($M$55-$M$56))*($M$59-$M$58) -> #DIV/0! | O14: =(0.1*G14)+(0.5*I14)+(0.15*J14)+(0.25*M14) -> 0 | P14: =$O$58+((O14-$O$56)/($O$55-$O$56))*($O$59-$O$58) -> #DIV/0! | Q14: 2>5 | R14: 83
A15: 6 | B15: 242501005 | C15: RAYA AULIA NAJMI | D15: √ | F15: ACP | G15: 0 | H15: =IF(G15>15,"84",IF(G15>7,"78","60")) -> 60 | I15: 0 | J15: 0 | K15: 0 | L15: 0 | M15: =AVERAGE(H15:L15) -> 0 | N15: =$M$58+((M15-$M$56)/($M$55-$M$56))*($M$59-$M$58) -> #DIV/0! | O15: =(0.1*G15)+(0.5*I15)+(0.15*J15)+(0.25*M15) -> 0 | P15: =$O$58+((O15-$O$56)/($O$55-$O$56))*($O$59-$O$58) -> #DIV/0! | Q15: 5>10 | R15: 87
A16: 7 | B16: 242501006 | C16: REGINA APRILIYA | E16: √ | F16: ACP | G16: 0 | H16: =IF(G16>15,"84",IF(G16>7,"78","60")) -> 60 | I16: 0 | J16: 0 | K16: 0 | L16: 0 | M16: =AVERAGE(H16:L16) -> 0 | N16: =$M$58+((M16-$M$56)/($M$55-$M$56))*($M$59-$M$58) -> #DIV/0! | O16: =(0.1*G16)+(0.5*I16)+(0.15*J16)+(0.25*M16) -> 0 | P16: =$O$58+((O16-$O$56)/($O$55-$O$56))*($O$59-$O$58) -> #DIV/0! | Q16: 10>13 | R16: 90
A17: 8 | B17: 242501007 | C17: REINHART IMANUEL ARITONANG | D17: √ | F17: ACP | G17: 0 | H17: =IF(G17>15,"84",IF(G17>7,"78","60")) -> 60 | I17: 0 | J17: 0 | K17: 0 | L17: 0 | M17: =AVERAGE(H17:L17) -> 0 | N17: =$M$58+((M17-$M$56)/($M$55-$M$56))*($M$59-$M$58) -> #DIV/0! | O17: =(0.1*G17)+(0.5*I17)+(0.15*J17)+(0.25*M17) -> 0 | P17: =$O$58+((O17-$O$56)/($O$55-$O$56))*($O$59-$O$58) -> #DIV/0! | Q17: 13>20 | R17: 93
A18: 9 | B18: 242501008 | C18: RIVQI WILIAWAN | D18: √ | F18: ACP | G18: 0 | H18: =IF(G18>15,"84",IF(G18>7,"78","60")) -> 60 | I18: 0 | J18: 0 | K18: 0 | L18: 0 | M18: =AVERAGE(H18:L18) -> 0 | N18: =$M$58+((M18-$M$56)/($M$55-$M$56))*($M$59-$M$58) -> #DIV/0! | O18: =(0.1*G18)+(0.5*I18)+(0.15*J18)+(0.25*M18) -> 0 | P18: =$O$58+((O18-$O$56)/($O$55-$O$56))*($O$59-$O$58) -> #DIV/0!
A19: 10 | B19: 242501009 | C19: ZALZA BYLLA OKTAFEVIYANA | E19: √ | F19: ACP | G19: 0 | H19: =IF(G19>15,"84",IF(G19>7,"78","60")) -> 60 | I19: 0 | J19: 0 | K19: 0 | L19: 0 | M19: =AVERAGE(H19:L19) -> 0 | N19: =$M$58+((M19-$M$56)/($M$55-$M$56))*($M$59-$M$58) -> #DIV/0! | O19: =(0.1*G19)+(0.5*I19)+(0.15*J19)+(0.25*M19) -> 0 | P19: =$O$58+((O19-$O$56)/($O$55-$O$56))*($O$59-$O$58) -> #DIV/0!
A20: 11 | B20: 242501010 | C20: ABDUL EPAN | D20: √ | F20: PPLG | G20: 0 | H20: =IF(G20>15,"84",IF(G20>7,"78","60")) -> 60 | I20: 0 | J20: 0 | K20: 0 | L20: 0 | M20: =AVERAGE(H20:L20) -> 0 | N20: =$M$58+((M20-$M$56)/($M$55-$M$56))*($M$59-$M$58) -> #DIV/0! | O20: =(0.1*G20)+(0.5*I20)+(0.15*J20)+(0.25*M20) -> 0 | P20: =$O$58+((O20-$O$56)/($O$55-$O$56))*($O$59-$O$58) -> #DIV/0!
A21: 12 | B21: 242501011 | C21: ALI SATRIYA BAYU | D21: √ | F21: PPLG | G21: 0 | H21: =IF(G21>15,"84",IF(G21>7,"78","60")) -> 60 | I21: 0 | J21: 0 | K21: 0 | L21: 0 | M21: =AVERAGE(H21:L21) -> 0 | N21: =$M$58+((M21-$M$56)/($M$55-$M$56))*($M$59-$M$58) -> #DIV/0! | O21: =(0.1*G21)+(0.5*I21)+(0.15*J21)+(0.25*M21) -> 0 | P21: =$O$58+((O21-$O$56)/($O$55-$O$56))*($O$59-$O$58) -> #DIV/0!
A22: 13 | B22: 242501012 | C22: DAVIN ARYA PUTRA | D22: √ | F22: PPLG | G22: 0 | H22: =IF(G22>15,"84",IF(G22>7,"78","60")) -> 60 | I22: 0 | J22: 0 | K22: 0 | L22: 0 | M22: =AVERAGE(H22:L22) -> 0 | N22: =$M$58+((M22-$M$56)/($M$55-$M$56))*($M$59-$M$58) -> #DIV/0! | O22: =(0.1*G22)+(0.5*I22)+(0.15*J22)+(0.25*M22) -> 0 | P22: =$O$58+((O22-$O$56)/($O$55-$O$56))*($O$59-$O$58) -> #DIV/0!
A23: 14 | B23: 242501013 | C23: DEVANA APRILIYANO ALAMSYAH | D23: √ | F23: PPLG | G23: 0 | H23: =IF(G23>15,"84",IF(G23>7,"78","60")) -> 60 | I23: 0 | J23: 0 | K23: 0 | L23: 0 | M23: =AVERAGE(H23:L23) -> 0 | N23: =$M$58+((M23-$M$56)/($M$55-$M$56))*($M$59-$M$58) -> #DIV/0! | O23: =(0.1*G23)+(0.5*I23)+(0.15*J23)+(0.25*M23) -> 0 | P23: =$O$58+((O23-$O$56)/($O$55-$O$56))*($O$59-$O$58) -> #DIV/0!
A24: 15 | B24: 242501014 | C24: EVANDRA NOER AREZKY | D24: √ | F24: PPLG | G24: 0 | H24: =IF(G24>15,"84",IF(G24>7,"78","60")) -> 60 | I24: 0 | J24: 0 | K24: 0 | L24: 0 | M24: =AVERAGE(H24:L24) -> 0 | N24: =$M$58+((M24-$M$56)/($M$55-$M$56))*($M$59-$M$58) -> #DIV/0! | O24: =(0.1*G24)+(0.5*I24)+(0.15*J24)+(0.25*M24) -> 0 | P24: =$O$58+((O24-$O$56)/($O$55-$O$56))*($O$59-$O$58) -> #DIV/0!
A25: 16 | B25: 242501015 | C25: EZAR RADITYA GUNAWAN | D25: √ | F25: PPLG | G25: 0 | H25: =IF(G25>15,"84",IF(G25>7,"78","60")) -> 60 | I25: 0 | J25: 0 | K25: 0 | L25: 0 | M25: =AVERAGE(H25:L25) -> 0 | N25: =$M$58+((M25-$M$56)/($M$55-$M$56))*($M$59-$M$58) -> #DIV/0! | O25: =(0.1*G25)+(0.5*I25)+(0.15*J25)+(0.25*M25) -> 0 | P25: =$O$58+((O25-$O$56)/($O$55-$O$56))*($O$59-$O$58) -> #DIV/0!
A26: 17 | B26: 242501016 | C26: FAHMI ABDULRAHMAN | D26: √ | F26: PPLG | G26: 0 | H26: =IF(G26>15,"84",IF(G26>7,"78","60")) -> 60 | I26: 0 | J26: 0 | K26: 0 | L26: 0 | M26: =AVERAGE(H26:L26) -> 0 | N26: =$M$58+((M26-$M$56)/($M$55-$M$56))*($M$59-$M$58) -> #DIV/0! | O26: =(0.1*G26)+(0.5*I26)+(0.15*J26)+(0.25*M26) -> 0 | P26: =$O$58+((O26-$O$56)/($O$55-$O$56))*($O$59-$O$58) -> #DIV/0!
A27: 18 | B27: 242501017 | C27: FARIZ ALBA | D27: √ | F27: PPLG | G27: 0 | H27: =IF(G27>15,"84",IF(G27>7,"78","60")) -> 60 | I27: 0 | J27: 0 | K27: 0 | L27: 0 | M27: =AVERAGE(H27:L27) -> 0 | N27: =$M$58+((M27-$M$56)/($M$55-$M$56))*($M$59-$M$58) -> #DIV/0! | O27: =(0.1*G27)+(0.5*I27)+(0.15*J27)+(0.25*M27) -> 0 | P27: =$O$58+((O27-$O$56)/($O$55-$O$56))*($O$59-$O$58) -> #DIV/0!
A28: 19 | B28: 242501018 | C28: GIA ANANDA SAFITRI | E28: √ | F28: PPLG | G28: 0 | H28: =IF(G28>15,"84",IF(G28>7,"78","60")) -> 60 | I28: 0 | J28: 0 | K28: 0 | L28: 0 | M28: =AVERAGE(H28:L28) -> 0 | N28: =$M$58+((M28-$M$56)/($M$55-$M$56))*($M$59-$M$58) -> #DIV/0! | O28: =(0.1*G28)+(0.5*I28)+(0.15*J28)+(0.25*M28) -> 0 | P28: =$O$58+((O28-$O$56)/($O$55-$O$56))*($O$59-$O$58) -> #DIV/0!
A29: 20 | B29: 242501019 | C29: HAIKAL BUDIANSYAH | D29: √ | F29: PPLG | G29: 0 | H29: =IF(G29>15,"84",IF(G29>7,"78","60")) -> 60 | I29: 0 | J29: 0 | K29: 0 | L29: 0 | M29: =AVERAGE(H29:L29) -> 0 | N29: =$M$58+((M29-$M$56)/($M$55-$M$56))*($M$59-$M$58) -> #DIV/0! | O29: =(0.1*G29)+(0.5*I29)+(0.15*J29)+(0.25*M29) -> 0 | P29: =$O$58+((O29-$O$56)/($O$55-$O$56))*($O$59-$O$58) -> #DIV/0!
A30: 21 | B30: 242501020 | C30: INDRI ANGGRAENI | E30: √ | F30: PPLG | G30: 0 | H30: =IF(G30>15,"84",IF(G30>7,"78","60")) -> 60 | I30: 0 | J30: 0 | K30: 0 | L30: 0 | M30: =AVERAGE(H30:L30) -> 0 | N30: =$M$58+((M30-$M$56)/($M$55-$M$56))*($M$59-$M$58) -> #DIV/0! | O30: =(0.1*G30)+(0.5*I30)+(0.15*J30)+(0.25*M30) -> 0 | P30: =$O$58+((O30-$O$56)/($O$55-$O$56))*($O$59-$O$58) -> #DIV/0!
A31: 22 | B31: 242501021 | C31: INDRIYANI FITRIYASARI | E31: √ | F31: PPLG | G31: 0 | H31: =IF(G31>15,"84",IF(G31>7,"78","60")) -> 60 | I31: 0 | J31: 0 | K31: 0 | L31: 0 | M31: =AVERAGE(H31:L31) -> 0 | N31: =$M$58+((M31-$M$56)/($M$55-$M$56))*($M$59-$M$58) -> #DIV/0! | O31: =(0.1*G31)+(0.5*I31)+(0.15*J31)+(0.25*M31) -> 0 | P31: =$O$58+((O31-$O$56)/($O$55-$O$56))*($O$59-$O$58) -> #DIV/0!
A32: 23 | B32: 242501022 | C32: JANPETER SEBASTIAN PANDIANGAN | D32: √ | F32: PPLG | G32: 0 | H32: =IF(G32>15,"84",IF(G32>7,"78","60")) -> 60 | I32: 0 | J32: 0 | K32: 0 | L32: 0 | M32: =AVERAGE(H32:L32) -> 0 | N32: =$M$58+((M32-$M$56)/($M$55-$M$56))*($M$59-$M$58) -> #DIV/0! | O32: =(0.1*G32)+(0.5*I32)+(0.15*J32)+(0.25*M32) -> 0 | P32: =$O$58+((O32-$O$56)/($O$55-$O$56))*($O$59-$O$58) -> #DIV/0!
A33: 24 | B33: 242501023 | C33: KAYLA VEBRIYANA | E33: √ | F33: PPLG | G33: 0 | H33: =IF(G33>15,"84",IF(G33>7,"78","60")) -> 60 | I33: 0 | J33: 0 | K33: 0 | L33: 0 | M33: =AVERAGE(H33:L33) -> 0 | N33: =$M$58+((M33-$M$56)/($M$55-$M$56))*($M$59-$M$58) -> #DIV/0! | O33: =(0.1*G33)+(0.5*I33)+(0.15*J33)+(0.25*M33) -> 0 | P33: =$O$58+((O33-$O$56)/($O$55-$O$56))*($O$59-$O$58) -> #DIV/0!
A34: 25 | B34: 242501024 | C34: KHAYYIRA HANIFA AZ-ZAHRA | E34: √ | F34: PPLG | G34: 0 | H34: =IF(G34>15,"84",IF(G34>7,"78","60")) -> 60 | I34: 0 | J34: 0 | K34: 0 | L34: 0 | M34: =AVERAGE(H34:L34) -> 0 | N34: =$M$58+((M34-$M$56)/($M$55-$M$56))*($M$59-$M$58) -> #DIV/0! | O34: =(0.1*G34)+(0.5*I34)+(0.15*J34)+(0.25*M34) -> 0 | P34: =$O$58+((O34-$O$56)/($O$55-$O$56))*($O$59-$O$58) -> #DIV/0!
A35: 26 | B35: 242501026 | C35: M. RUSTANDI | D35: √ | F35: PPLG | G35: 0 | H35: =IF(G35>15,"84",IF(G35>7,"78","60")) -> 60 | I35: 0 | J35: 0 | K35: 0 | L35: 0 | M35: =AVERAGE(H35:L35) -> 0 | N35: =$M$58+((M35-$M$56)/($M$55-$M$56))*($M$59-$M$58) -> #DIV/0! | O35: =(0.1*G35)+(0.5*I35)+(0.15*J35)+(0.25*M35) -> 0 | P35: =$O$58+((O35-$O$56)/($O$55-$O$56))*($O$59-$O$58) -> #DIV/0!
A36: 27 | B36: 242501027 | C36: MARISA | E36: √ | F36: PPLG | G36: 0 | H36: =IF(G36>15,"84",IF(G36>7,"78","60")) -> 60 | I36: 0 | J36: 0 | K36: 0 | L36: 0 | M36: =AVERAGE(H36:L36) -> 0 | N36: =$M$58+((M36-$M$56)/($M$55-$M$56))*($M$59-$M$58) -> #DIV/0! | O36: =(0.1*G36)+(0.5*I36)+(0.15*J36)+(0.25*M36) -> 0 | P36: =$O$58+((O36-$O$56)/($O$55-$O$56))*($O$59-$O$58) -> #DIV/0!
A37: 28 | B37: 242501028 | C37: MOCH PAISAL LUTHFI | D37: √ | F37: PPLG | G37: 0 | H37: =IF(G37>15,"84",IF(G37>7,"78","60")) -> 60 | I37: 0 | J37: 0 | K37: 0 | L37: 0 | M37: =AVERAGE(H37:L37) -> 0 | N37: =$M$58+((M37-$M$56)/($M$55-$M$56))*($M$59-$M$58) -> #DIV/0! | O37: =(0.1*G37)+(0.5*I37)+(0.15*J37)+(0.25*M37) -> 0 | P37: =$O$58+((O37-$O$56)/($O$55-$O$56))*($O$59-$O$58) -> #DIV/0!
A38: 29 | B38: 242501030 | C38: MUHAMAD LUGI ALPARIZI | D38: √ | F38: PPLG | G38: 0 | H38: =IF(G38>15,"84",IF(G38>7,"78","60")) -> 60 | I38: 0 | J38: 0 | K38: 0 | L38: 0 | M38: =AVERAGE(H38:L38) -> 0 | N38: =$M$58+((M38-$M$56)/($M$55-$M$56))*($M$59-$M$58) -> #DIV/0! | O38: =(0.1*G38)+(0.5*I38)+(0.15*J38)+(0.25*M38) -> 0 | P38: =$O$58+((O38-$O$56)/($O$55-$O$56))*($O$59-$O$58) -> #DIV/0!
A39: 30 | B39: 242501031 | C39: MUHAMMAD BILAL ALHABSY | D39: √ | F39: PPLG | G39: 0 | H39: =IF(G39>15,"84",IF(G39>7,"78","60")) -> 60 | I39: 0 | J39: 0 | K39: 0 | L39: 0 | M39: =AVERAGE(H39:L39) -> 0 | N39: =$M$58+((M39-$M$56)/($M$55-$M$56))*($M$59-$M$58) -> #DIV/0! | O39: =(0.1*G39)+(0.5*I39)+(0.15*J39)+(0.25*M39) -> 0 | P39: =$O$58+((O39-$O$56)/($O$55-$O$56))*($O$59-$O$58) -> #DIV/0!
A40: 31 | B40: 242501032 | C40: NISEU BIL HASNA | E40: √ | F40: PPLG | G40: 0 | H40: =IF(G40>15,"84",IF(G40>7,"78","60")) -> 60 | I40: 0 | J40: 0 | K40: 0 | L40: 0 | M40: =AVERAGE(H40:L40) -> 0 | N40: =$M$58+((M40-$M$56)/($M$55-$M$56))*($M$59-$M$58) -> #DIV/0! | O40: =(0.1*G40)+(0.5*I40)+(0.15*J40)+(0.25*M40) -> 0 | P40: =$O$58+((O40-$O$56)/($O$55-$O$56))*($O$59-$O$58) -> #DIV/0!
A41: 32 | B41: 242501033 | C41: NOVA NOPIANA | E41: √ | F41: PPLG | G41: 0 | H41: =IF(G41>15,"84",IF(G41>7,"78","60")) -> 60 | I41: 0 | J41: 0 | K41: 0 | L41: 0 | M41: =AVERAGE(H41:L41) -> 0 | N41: =$M$58+((M41-$M$56)/($M$55-$M$56))*($M$59-$M$58) -> #DIV/0! | O41: =(0.1*G41)+(0.5*I41)+(0.15*J41)+(0.25*M41) -> 0 | P41: =$O$58+((O41-$O$56)/($O$55-$O$56))*($O$59-$O$58) -> #DIV/0!
A42: 33 | B42: 242501034 | C42: NOVI NOPIANI | E42: √ | F42: PPLG | G42: 0 | H42: =IF(G42>15,"84",IF(G42>7,"78","60")) -> 60 | I42: 0 | J42: 0 | K42: 0 | L42: 0 | M42: =AVERAGE(H42:L42) -> 0 | N42: =$M$58+((M42-$M$56)/($M$55-$M$56))*($M$59-$M$58) -> #DIV/0! | O42: =(0.1*G42)+(0.5*I42)+(0.15*J42)+(0.25*M42) -> 0 | P42: =$O$58+((O42-$O$56)/($O$55-$O$56))*($O$59-$O$58) -> #DIV/0!
A43: 34 | B43: 242501035 | C43: NUR AZIZAH | E43: √ | F43: PPLG | G43: 0 | H43: =IF(G43>15,"84",IF(G43>7,"78","60")) -> 60 | I43: 0 | J43: 0 | K43: 0 | L43: 0 | M43: =AVERAGE(H43:L43) -> 0 | N43: =$M$58+((M43-$M$56)/($M$55-$M$56))*($M$59-$M$58) -> #DIV/0! | O43: =(0.1*G43)+(0.5*I43)+(0.15*J43)+(0.25*M43) -> 0 | P43: =$O$58+((O43-$O$56)/($O$55-$O$56))*($O$59-$O$58) -> #DIV/0!
A44: 35 | B44: 242501036 | C44: NUR FADHILAH | D44: √ | F44: PPLG | G44: 0 | H44: =IF(G44>15,"84",IF(G44>7,"78","60")) -> 60 | I44: 0 | J44: 0 | K44: 0 | L44: 0 | M44: =AVERAGE(H44:L44) -> 0 | N44: =$M$58+((M44-$M$56)/($M$55-$M$56))*($M$59-$M$58) -> #DIV/0! | O44: =(0.1*G44)+(0.5*I44)+(0.15*J44)+(0.25*M44) -> 0 | P44: =$O$58+((O44-$O$56)/($O$55-$O$56))*($O$59-$O$58) -> #DIV/0!
A45: 36 | B45: 242501038 | C45: RANGGA PRATAMA | D45: √ | F45: PPLG | G45: 0 | H45: =IF(G45>15,"84",IF(G45>7,"78","60")) -> 60 | I45: 0 | J45: 0 | K45: 0 | L45: 0 | M45: =AVERAGE(H45:L45) -> 0 | N45: =$M$58+((M45-$M$56)/($M$55-$M$56))*($M$59-$M$58) -> #DIV/0! | O45: =(0.1*G45)+(0.5*I45)+(0.15*J45)+(0.25*M45) -> 0 | P45: =$O$58+((O45-$O$56)/($O$55-$O$56))*($O$59-$O$58) -> #DIV/0!
A46: 37 | B46: 242501039 | C46: RAKA CANDRA FADILAH | D46: √ | F46: PPLG | G46: 0 | H46: =IF(G46>15,"84",IF(G46>7,"78","60")) -> 60 | I46: 0 | J46: 0 | K46: 0 | L46: 0 | M46: =AVERAGE(H46:L46) -> 0 | N46: =$M$58+((M46-$M$56)/($M$55-$M$56))*($M$59-$M$58) -> #DIV/0! | O46: =(0.1*G46)+(0.5*I46)+(0.15*J46)+(0.25*M46) -> 0 | P46: =$O$58+((O46-$O$56)/($O$55-$O$56))*($O$59-$O$58) -> #DIV/0!
A47: 38 | B47: 242501040 | C47: RINA APRILIANI | E47: √ | F47: PPLG | G47: 0 | H47: =IF(G47>15,"84",IF(G47>7,"78","60")) -> 60 | I47: 0 | J47: 0 | K47: 0 | L47: 0 | M47: =AVERAGE(H47:L47) -> 0 | N47: =$M$58+((M47-$M$56)/($M$55-$M$56))*($M$59-$M$58) -> #DIV/0! | O47: =(0.1*G47)+(0.5*I47)+(0.15*J47)+(0.25*M47) -> 0 | P47: =$O$58+((O47-$O$56)/($O$55-$O$56))*($O$59-$O$58) -> #DIV/0!
A48: 39 | B48: 242501041 | C48: SALMAA FAUZIYAH | E48: √ | F48: PPLG | G48: 0 | H48: =IF(G48>15,"84",IF(G48>7,"78","60")) -> 60 | I48: 0 | J48: 0 | K48: 0 | L48: 0 | M48: =AVERAGE(H48:L48) -> 0 | N48: =$M$58+((M48-$M$56)/($M$55-$M$56))*($M$59-$M$58) -> #DIV/0! | O48: =(0.1*G48)+(0.5*I48)+(0.15*J48)+(0.25*M48) -> 0 | P48: =$O$58+((O48-$O$56)/($O$55-$O$56))*($O$59-$O$58) -> #DIV/0!
A49: 40 | B49: 242501042 | C49: SRI RESTI RAMDAN | E49: √ | F49: PPLG | G49: 0 | H49: =IF(G49>15,"84",IF(G49>7,"78","60")) -> 60 | I49: 0 | J49: 0 | K49: 0 | L49: 0 | M49: =AVERAGE(H49:L49) -> 0 | N49: =$M$58+((M49-$M$56)/($M$55-$M$56))*($M$59-$M$58) -> #DIV/0! | O49: =(0.1*G49)+(0.5*I49)+(0.15*J49)+(0.25*M49) -> 0 | P49: =$O$58+((O49-$O$56)/($O$55-$O$56))*($O$59-$O$58) -> #DIV/0!
A50: 41 | B50: 242501043 | C50: TRIA KARTIKA ANUGRAH | E50: √ | F50: PPLG | G50: 0 | H50: =IF(G50>15,"84",IF(G50>7,"78","60")) -> 60 | I50: 0 | J50: 0 | K50: 0 | L50: 0 | M50: =AVERAGE(H50:L50) -> 0 | N50: =$M$58+((M50-$M$56)/($M$55-$M$56))*($M$59-$M$58) -> #DIV/0! | O50: =(0.1*G50)+(0.5*I50)+(0.15*J50)+(0.25*M50) -> 0 | P50: =$O$58+((O50-$O$56)/($O$55-$O$56))*($O$59-$O$58) -> #DIV/0!
A51: 42 | B51: 242501044 | C51: UMAR | D51: √ | F51: PPLG | G51: 0 | H51: =IF(G51>15,"84",IF(G51>7,"78","60")) -> 60 | I51: 0 | J51: 0 | K51: 0 | L51: 0 | M51: =AVERAGE(H51:L51) -> 0 | N51: =$M$58+((M51-$M$56)/($M$55-$M$56))*($M$59-$M$58) -> #DIV/0! | O51: =(0.1*G51)+(0.5*I51)+(0.15*J51)+(0.25*M51) -> 0 | P51: =$O$58+((O51-$O$56)/($O$55-$O$56))*($O$59-$O$58) -> #DIV/0!
A52: 43 | B52: 242501045 | C52: VIKA NOPRITA AYUDIA RANI | E52: √ | F52: PPLG | G52: 0 | H52: =IF(G52>15,"84",IF(G52>7,"78","60")) -> 60 | I52: 0 | J52: 0 | K52: 0 | L52: 0 | M52: =AVERAGE(H52:L52) -> 0 | N52: =$M$58+((M52-$M$56)/($M$55-$M$56))*($M$59-$M$58) -> #DIV/0! | O52: =(0.1*G52)+(0.5*I52)+(0.15*J52)+(0.25*M52) -> 0 | P52: =$O$58+((O52-$O$56)/($O$55-$O$56))*($O$59-$O$58) -> #DIV/0!
A53: 44 | B53: 242501046 | C53: WIDYA IDAMATULSILMI | E53: √ | F53: PPLG | G53: 0 | H53: =IF(G53>15,"84",IF(G53>7,"78","60")) -> 60 | I53: 0 | J53: 0 | K53: 0 | L53: 0 | M53: =AVERAGE(H53:L53) -> 0 | N53: =$M$58+((M53-$M$56)/($M$55-$M$56))*($M$59-$M$58) -> #DIV/0! | O53: =(0.1*G53)+(0.5*I53)+(0.15*J53)+(0.25*M53) -> 0 | P53: =$O$58+((O53-$O$56)/($O$55-$O$56))*($O$59-$O$58) -> #DIV/0!
D54: Rata-rata | G54: =AVERAGE(G10:G53) -> 0 | H54: =AVERAGE(H10:H53) -> #DIV/0! | I54: =AVERAGE(I10:I53) -> 0 | J54: =AVERAGE(J10:J53) -> 0 | K54: =AVERAGE(K10:K53) -> 0 | L54: =AVERAGE(L10:L53) -> 0 | M54: =AVERAGE(M10:M53) -> 0 | N54: =AVERAGE(N10:N53) -> #DIV/0! | ... P54: =AVERAGE(P10:P53) -> #DIV/0!
D55: Nilai Tertinggi | G55: =MAX(G10:G53) -> 0 | H55: =MAX(H10:H53) -> 0 | I55: =MAX(I10:I53) -> 0 | J55: =MAX(J10:J53) -> 0 | K55: =MAX(K10:K53) -> 0 | L55: =MAX(L10:L53) -> 0 | M55: =MAX(M10:M53) -> 0 | N55: =MAX(N10:N53) -> #DIV/0! | ... P55: =MAX(P10:P53) -> #DIV/0!
D56: Nilai Terendah | G56: =MIN(G10:G53) -> 0 | H56: =MIN(H10:H53) -> 0 | I56: =MIN(I10:I53) -> 0 | J56: =MIN(J10:J53) -> 0 | K56: =MIN(K10:K53) -> 0 | L56: =MIN(L10:L53) -> 0 | M56: =MIN(M10:M53) -> 0 | N56: =MIN(N10:N53) -> #DIV/0! | ... P56: =MIN(P10:P53) -> #DIV/0!
D57: Standar Deviasi | G57: =STDEV(G10:G53) -> 0 | H57: =STDEV(H10:H53) -> #DIV/0! | I57: =STDEV(I10:I53) -> 0 | J57: =STDEV(J10:J53) -> 0 | K57: =STDEV(K10:K53) -> 0 | L57: =STDEV(L10:L53) -> 0 | M57: =STDEV(M10:M53) -> 0 | N57: =STDEV(N10:N53) -> #DIV/0! | ... P57: =STDEV(P10:P53) -> #DIV/0!
D58: KKM | G58: 78 | H58: 78 | I58: 78 | J58: 78 | K58: 78 | L58: 78 | M58: 78 | N58: 78 | O58: 78 | P58: 78
D59: Nilai MAX Terget | G59: 86 | H59: 86 | I59: 86 | J59: 86 | K59: 86 | L59: 86 | M59: 86 | N59: 86 | O59: 86 | P59: 86

Sheet D.SISWA
A1: NO | B1: NIS | C1: NAMA SISWA | D1: KELAS
A5: 1 | B5: 2 | C5: 3 | D5: 4
A6: 1 | B6: 242501001 | C6: ALVIN PRASETIA | D6: XI ACP
A7: 2 | B7: 242501002 | C7: AKBAR MAULANA | D7: XI ACP
A8: 3 | B8: 242501003 | C8: FADIL ABDUL AZIZ | D8: XI ACP
A9: 4 | B9: 242501004 | C9: FAJAR MAULANA NUGRAHA | D9: XI ACP
A10: 5 | B10: 242501105 | C10: KHANSA AZRIZA | D10: XI ACP
A11: 6 | B11: 242501005 | C11: RAYA AULIA NAJMI | D11: XI ACP
A12: 7 | B12: 242501006 | C12: SARAH ANGGI APIKA Z | D12: XI ACP
A13: 8 | B13: 242501007 | C13: REINHART IMANUEL ARITONANG | D13: XI ACP
A14: 9 | B14: 242501008 | C14: RIVQI WILIAWAN | D14: XI ACP
A15: 10 | B15: 242502116 | C15: SRI RAHAYU | D15: XI ACP
A16: 11 | B16: 242501009 | C16: ZALZA BYLLA OKTAFEVIYANA | D16: XI ACP
A17: 12 | B17: 242501010 | C17: ABDUL EPAN | D17: XI RPL
... A98: 93 | B98: 232401054 | C98: VIRZY PRATAMA | D98: XII RPL
C99: ALDIANSAH | D99: X ACP
C100: ALIEF SANJANI | D100: X ACP
C101: CANZA YUDIA MULYA | D101: X ACP
C102: DEFIN PRASETYA | D102: X ACP
C103: FIKRI FAHRIANSAH | D103: X ACP
C104: JISVI DWI ANDREANS | D104: X ACP
C105: KENZI REYNALDI | D105: X ACP
C106: LIANA NARASAKI | D106: X ACP
C107: FADIL BAIHAQI | D107: X ACP
C108: MAULIDA | D108: X ACP
C109: MIRAJ AKBAR PA | D109: X ACP
C110: MUHAMMAD DAVID | D110: X ACP
... C121: ANDHIKA SAPUTRA | D121: X ACP

Sheet XI
A1: DAFTAR NILAI SEKOLAH MENENGAH KEJURUAN DOA BANGSA
A2: TAHUN PELAJARAN 2024/2025
A3: REKAYASA PERANGKAT LUNAK
A5: NO | B5: NIS | C5: NAMA SISWA | D5: L/P | F5: KELAS | G5: PENILAIAN | P5: PENILAIAN | U5: PENILAIAN
G6: KOMPETENSI KEAHLIAN | P6: KOMPETENSI KEAHLIAN | U6: KOMPETENSI KEAHLIAN
G7: BASIS DATA | P7: IOT | U7: PPB
G8: NT | H8: NUH | I8: PTS | J8: PAS | L8: NR | M8: NILAI | N8: Nilai | P8: PTS | Q8: PAS | R8: NILAI | S8: Nilai | U8: PTS | V8: PAS | W8: Konversi PAS | X8: Nilai
A9: 1 | B9: 2 | C9: 3 | D9: 4 | F9: 5 | G9: ABSENSI | H9: P.HARIAN | I9: TEORI | J9: TEORI | K9: PRAKTEK | M9: RAPORT | N9: Raport | P9: TEORI | Q9: TEORI | R9: RAPORT | S9: Raport | U9: TEORI | V9: TEORI | W9: RAPORT | X9: Raport
A10: 1 | B10: 232401001 | C10: ALGAM RISGI SUGIRMAN | D10: √ | F10: ACP | G10: 82 | H10: =AE10 -> 32 | I10: 48 | J10: 97 | K10: 83 | L10: =AVERAGE(J10:K10) -> 90 | M10: =$N$62+((N10-$N$60)/($N$59-$N$60))*($N$63-$N$62) -> 81.173529 | N10: =(0.1*G10)+(0.5*H10)+(0.15*I10)+(0.25*L10) -> 53.9 | P10: =I10 -> 48 | Q10: 93 | R10: =$S$62+((S10-$S$60)/($S$59-$S$60))*($S$63-$S$62) -> 83.081348 | S10: =(0.1*G10)+(0.5*H10)+(0.15*P10)+(0.25*Q10) -> 54.65 | U10: =I10 -> 48 | V10: 93 | W10: =$X$62+((X10-$X$60)/($X$59-$X$60))*($X$63-$X$62) -> 83.132832 | X10: =(0.1*G10)+(0.5*H10)+(0.15*U10)+(0.25*V10) -> 54.65 | Z10: 0 | AA10: 80 | AB10: 80 | AC10: 0 | AD10: 0 | AE10: =AVERAGE(Z10:AD10) -> 32
A11: 2 | B11: 232401002 | C11: CIKAL PUTRA SUBRANI | D11: √ | F11: ACP | G11: 82 | H11: =AE11 -> 32 | I11: 0 | J11: 93 | K11: 0 | L11: =AVERAGE(J11:K11) -> 46.5 | M11: =$N$62+((N11-$N$60)/($N$59-$N$60))*($N$63-$N$62) -> 81.899265 | N11: =(G11*0.5)+(H11*0.15)+(I11*0.1)+(L11*0.25) -> 57.425 | P11: =I11 -> 0 | Q11: 89 | R11: =$S$62+((S11-$S$60)/($S$59-$S$60))*($S$63-$S$62) -> 82.272802 | S11: =(0.1*G11)+(0.5*H11)+(0.15*P11)+(0.25*Q11) -> 46.45 | U11: =I11 -> 0 | V11: 93 | W11: =$X$62+((X11-$X$60)/($X$59-$X$60))*($X$63-$X$62) -> 82.411028 | X11: =(0.1*G11)+(0.5*H11)+(0.15*U11)+(0.25*V11) -> 47.45 | Z11: 80 | AA11: 80 | AB11: 0 | AC11: 0 | AD11: 0 | AE11: =AVERAGE(Z11:AD11) -> 32
A12: 3 | B12: 232401003 | C12: DODI ARIL FAUZI | D12: √ | F12: ACP | G12: 82 | H12: =AE12 -> 48 | I12: 48 | J12: 91 | K12: 83 | L12: =AVERAGE(J12:K12) -> 87 | M12: =$N$62+((N12-$N$60)/($N$59-$N$60))*($N$63-$N$62) -> 85.466176 | N12: =(G12*0.5)+(H12*0.15)+(I12*0.1)+(L12*0.25) -> 74.75 | P12: =I12 -> 48 | Q12: 89 | R12: =$S$62+((S12-$S$60)/($S$59-$S$60))*($S$63-$S$62) -> 83.771569 | S12: =(0.1*G12)+(0.5*H12)+(0.15*P12)+(0.25*Q12) -> 61.65 | U12: =I12 -> 48 | V12: 93 | W12: =$X$62+((X12-$X$60)/($X$59-$X$60))*($X$63-$X$62) -> 83.934837 | X12: =(0.1*G12)+(0.5*H12)+(0.15*U12)+(0.25*V12) -> 62.65 | Z12: 80 | AA12: 80 | AB12: 80 | AC12: 0 | AD12: 0 | AE12: =AVERAGE(Z12:AD12) -> 48
A13: 5 | B13: 232401005 | C13: EKI APRIANSYAH | D13: √ | F13: ACP | G13: 82 | H13: =AE13 -> 65 | I13: 40 | J13: 91 | K13: 83 | L13: =AVERAGE(J13:K13) -> 87 | M13: =$N$62+((N13-$N$60)/($N$59-$N$60))*($N$63-$N$62) -> 85.826471 | N13: =(G13*0.5)+(H13*0.15)+(I13*0.1)+(L13*0.25) -> 76.5 | P13: =I13 -> 40 | Q13: 93 | R13: =$S$62+((S13-$S$60)/($S$59-$S$60))*($S$63-$S$62) -> 84.589975 | S13: =(0.1*G13)+(0.5*H13)+(0.15*P13)+(0.25*Q13) -> 69.95 | U13: =I13 -> 40 | V13: 75 | W13: =$X$62+((X13-$X$60)/($X$59-$X$60))*($X$63-$X$62) -> 84.215539 | X13: =(0.1*G13)+(0.5*H13)+(0.15*U13)+(0.25*V13) -> 65.45 | Z13: 80 | AA13: 80 | AB13: 80 | AC13: 85 | AD13: 0 | AE13: =AVERAGE(Z13:AD13) -> 65
A14: 4 | B14: 232401004 | C14: ENENG SALSA NABILA | E14: √ | F14: ACP | G14: 82 | H14: =AE14 -> 16 | I14: 48 | J14: 0 | K14: 0 | L14: =AVERAGE(J14:K14) -> 0 | M14: =$N$62+((N14-$N$60)/($N$59-$N$60))*($N$63-$N$62) -> 80 | N14: =(G14*0.5)+(H14*0.15)+(I14*0.1)+(L14*0.25) -> 48.2 | P14: =I14 -> 48 | Q14: 0 | R14: =$S$62+((S14-$S$60)/($S$59-$S$60))*($S$63-$S$62) -> 80 | S14: =(0.1*G14)+(0.5*H14)+(0.15*P14)+(0.25*Q14) -> 23.4 | U14: =I14 -> 48 | V14: 0 | W14: =$X$62+((X14-$X$60)/($X$59-$X$60))*($X$63-$X$62) -> 80 | X14: =(0.1*G14)+(0.5*H14)+(0.15*U14)+(0.25*V14) -> 23.4 | Z14: 80 | AA14: 0 | AB14: 0 | AC14: 0 | AD14: 0 | AE14: =AVERAGE(Z14:AD14) -> 16
A15: 6 | B15: 232401006 | C15: ERWIN SUHERMAN | D15: √ | F15: ACP | G15: 82 | H15: =AE15 -> 64.4 | I15: 52 | J15: 95 | K15: 83 | L15: =AVERAGE(J15:K15) -> 89 | M15: =$N$62+((N15-$N$60)/($N$59-$N$60))*($N$63-$N$62) -> 86.157941 | N15: =(G15*0.5)+(H15*0.15)+(I15*0.1)+(L15*0.25) -> 78.11 | P15: =I15 -> 52 | Q15: 93 | R15: =$S$62+((S15-$S$60)/($S$59-$S$60))*($S$63-$S$62) -> 84.73788 | S15: =(0.1*G15)+(0.5*H15)+(0.15*P15)+(0.25*Q15) -> 71.45 | U15: =I15 -> 52 | V15: 93 | W15: =$X$62+((X15-$X$60)/($X$59-$X$60))*($X$63-$X$62) -> 84.817043 | X15: =(0.1*G15)+(0.5*H15)+(0.15*U15)+(0.25*V15) -> 71.45 | Z15: 80 | AA15: 82 | AB15: 80 | AC15: 80 | AD15: 0 | AE15: =AVERAGE(Z15:AD15) -> 64.4
A16: 7 | B16: 232401007 | C16: FAUZAN SYA'BAN NUR'ISLAM | D16: √ | F16: ACP | G16: 82 | H16: =AE16 -> 49 | I16: 56 | J16: 93 | K16: 83 | L16: =AVERAGE(J16:K16) -> 88 | M16: =$N$62+((N16-$N$60)/($N$59-$N$60))*($N$63-$N$62) -> 85.713235 | N16: =(G16*0.5)+(H16*0.15)+(I16*0.1)+(L16*0.25) -> 75.95 | P16: =I16 -> 56 | Q16: 87 | R16: =$S$62+((S16-$S$60)/($S$59-$S$60))*($S$63-$S$62) -> 83.889893 | S16: =(0.1*G16)+(0.5*H16)+(0.15*P16)+(0.25*Q16) -> 62.85 | U16: =I16 -> 56 | V16: 91 | W16: =$X$62+((X16-$X$60)/($X$59-$X$60))*($X$63-$X$62) -> 84.055138 | X16: =(0.1*G16)+(0.5*H16)+(0.15*U16)+(0.25*V16) -> 63.85 | Z16: 80 | AA16: 80 | AB16: 85 | AC16: 0 | AD16: 0 | AE16: =AVERAGE(Z16:AD16) -> 49
A17: 8 | B17: 232401008 | C17: HERMAWAN ANGGARA | E17: √ | F17: ACP | G17: 82 | H17: =AE17 -> 16 | I17: 40 | J17: 97 | K17: 0 | L17: =AVERAGE(J17:K17) -> 48.5 | M17: =$N$62+((N17-$N$60)/($N$59-$N$60))*($N$63-$N$62) -> 82.331618 | N17: =(G17*0.5)+(H17*0.15)+(I17*0.1)+(L17*0.25) -> 59.525 | P17: =I17 -> 40 | Q17: 91 | R17: =$S$62+((S17-$S$60)/($S$59-$S$60))*($S$63-$S$62) -> 82.124897 | S17: =(0.1*G17)+(0.5*H17)+(0.15*P17)+(0.25*Q17) -> 44.95 | U17: =I17 -> 40 | V17: 91 | W17: =$X$62+((X17-$X$60)/($X$59-$X$60))*($X$63-$X$62) -> 82.160401 | X17: =(0.1*G17)+(0.5*H17)+(0.15*U17)+(0.25*V17) -> 44.95 | Z17: 80 | AA17: 0 | AB17: 0 | AC17: 0 | AD17: 0 | AE17: =AVERAGE(Z17:AD17) -> 16
A18: 9 | B18: 232401009 | C18: JANNATA TSAMANIYA ARSYISTAWAA | D18: √ | F18: ACP | G18: 82 | H18: =AE18 -> 32 | I18: 56 | J18: 97 | K18: 0 | L18: =AVERAGE(J18:K18) -> 48.5 | M18: =$N$62+((N18-$N$60)/($N$59-$N$60))*($N$63-$N$62) -> 83.155147 | N18: =(G18*0.5)+(H18*0.15)+(I18*0.1)+(L18*0.25) -> 63.525 | P18: =I18 -> 56 | Q18: 91 | R18: =$S$62+((S18-$S$60)/($S$59-$S$60))*($S$63-$S$62) -> 83.15037 | S18: =(0.1*G18)+(0.5*H18)+(0.15*P18)+(0.25*Q18) -> 55.35 | U18: =I18 -> 56 | V18: 93 | W18: =$X$62+((X18-$X$60)/($X$59-$X$60))*($X$63-$X$62) -> 83.253133 | X18: =(0.1*G18)+(0.5*H18)+(0.15*U18)+(0.25*V18) -> 55.85 | Z18: 80 | AA18: 80 | AB18: 0 | AC18: 0 | AD18: 0 | AE18: =AVERAGE(Z18:AD18) -> 32
A19: 10 | B19: 232401011 | C19: KAMILANIYA TSAQILA | D19: √ | F19: ACP | G19: 82 | H19: =AE19 -> 64 | I19: 60 | J19: 95 | K19: 83 | L19: =AVERAGE(J19:K19) -> 89 | M19: =$N$62+((N19-$N$60)/($N$59-$N$60))*($N$63-$N$62) -> 86.310294 | N19: =(G19*0.5)+(H19*0.15)+(I19*0.1)+(L19*0.25) -> 78.85 | P19: =I19 -> 60 | Q19: 91 | R19: =$S$62+((S19-$S$60)/($S$59-$S$60))*($S$63-$S$62) -> 84.787182 | S19: =(0.1*G19)+(0.5*H19)+(0.15*P19)+(0.25*Q19) -> 71.95 | U19: =I19 -> 60 | V19: 93 | W19: =$X$62+((X19-$X$60)/($X$59-$X$60))*($X$63-$X$62) -> 84.917293 | X19: =(0.1*G19)+(0.5*H19)+(0.15*U19)+(0.25*V19) -> 72.45 | Z19: 80 | AA19: 80 | AB19: 80 | AC19: 80 | AD19: 0 | AE19: =AVERAGE(Z19:AD19) -> 64
A20: 11 | B20: 232401012 | C20: KURNIASANDI AUNURRAFIQ | E20: √ | F20: ACP | G20: 82 | H20: =AE20 -> 48.4 | I20: 68 | J20: 0 | K20: 83 | L20: =AVERAGE(J20:K20) -> 41.5 | M20: =$N$62+((N20-$N$60)/($N$59-$N$60))*($N$63-$N$62) -> 83.548382 | N20: =(G20*0.5)+(H20*0.15)+(I20*0.1)+(L20*0.25) -> 65.435 | P20: =I20 -> 68 | Q20: 93 | R20: =$S$62+((S20-$S$60)/($S$59-$S$60))*($S$63-$S$62) -> 84.185703 | S20: =(0.1*G20)+(0.5*H20)+(0.15*P20)+(0.25*Q20) -> 65.85 | U20: =I20 -> 68 | V20: 93 | W20: =$X$62+((X20-$X$60)/($X$59-$X$60))*($X$63-$X$62) -> 84.255639 | X20: =(0.1*G20)+(0.5*H20)+(0.15*U20)+(0.25*V20) -> 65.85 | Z20: 80 | AA20: 82 | AB20: 80 | AC20: 0 | AD20: 0 | AE20: =AVERAGE(Z20:AD20) -> 48.4
A21: 18 | B21: 232401019 | C21: MIRNA SULASTRI | E21: √ | F21: ACP | G21: 82 | H21: =AE21 -> 64 | I21: 28 | J21: 95 | K21: 83 | L21: =AVERAGE(J21:K21) -> 89 | M21: =$N$62+((N21-$N$60)/($N$59-$N$60))*($N$63-$N$62) -> 85.651471 | N21: =(G21*0.5)+(H21*0.15)+(I21*0.1)+(L21*0.25) -> 75.65 | P21: =I21 -> 28 | Q21: 91 | R21: =$S$62+((S21-$S$60)/($S$59-$S$60))*($S$63-$S$62) -> 84.313887 | S21: =(0.1*G21)+(0.5*H21)+(0.15*P21)+(0.25*Q21) -> 67.15 | U21: =I21 -> 28 | V21: 91 | W21: =$X$62+((X21-$X$60)/($X$59-$X$60))*($X$63-$X$62) -> 84.385965 | X21: =(0.1*G21)+(0.5*H21)+(0.15*U21)+(0.25*V21) -> 67.15 | Z21: 80 | AA21: 80 | AB21: 80 | AC21: 80 | AD21: 0 | AE21: =AVERAGE(Z21:AD21) -> 64
A22: 12 | B22: 232401013 | C22: NISWAH KAMILAH NUR ALA | D22: √ | F22: ACP | G22: 82 | H22: =AE22 -> 32 | I22: 68 | J22: 95 | K22: 83 | L22: =AVERAGE(J22:K22) -> 89 | M22: =$N$62+((N22-$N$60)/($N$59-$N$60))*($N$63-$N$62) -> 85.486765 | N22: =(G22*0.5)+(H22*0.15)+(I22*0.1)+(L22*0.25) -> 74.85 | P22: =I22 -> 68 | Q22: 93 | R22: =$S$62+((S22-$S$60)/($S$59-$S$60))*($S$63-$S$62) -> 83.377157 | S22: =(0.1*G22)+(0.5*H22)+(0.15*P22)+(0.25*Q22) -> 57.65 | U22: =I22 -> 68 | V22: 93 | W22: =$X$62+((X22-$X$60)/($X$59-$X$60))*($X$63-$X$62) -> 83.433584 | X22: =(0.1*G22)+(0.5*H22)+(0.15*U22)+(0.25*V22) -> 57.65 | Z22: 80 | AA22: 80 | AB22: 0 | AC22: 0 | AD22: 0 | AE22: =AVERAGE(Z22:AD22) -> 32
A23: 13 | B23: 232401014 | C23: RAMDAN ALWIANSYAH | D23: √ | F23: ACP | G23: 82 | H23: =AE23 -> 81.4 | I23: 56 | J23: 97 | K23: 83 | L23: =AVERAGE(J23:K23) -> 90 | M23: =$N$62+((N23-$N$60)/($N$59-$N$60))*($N$63-$N$62) -> 86.816765 | N23: =(G23*0.5)+(H23*0.15)+(I23*0.1)+(L23*0.25) -> 81.31 | P23: =I23 -> 56 | Q23: 91 | R23: =$S$62+((S23-$S$60)/($S$59-$S$60))*($S$63-$S$62) -> 85.585867 | S23: =(0.1*G23)+(0.5*H23)+(0.15*P23)+(0.25*Q23) -> 80.05 | U23: =I23 -> 56 | V23: 91 | W23: =$X$62+((X23-$X$60)/($X$59-$X$60))*($X$63-$X$62) -> 85.679198 | X23: =(0.1*G23)+(0.5*H23)+(0.15*U23)+(0.25*V23) -> 80.05 | Z23: 80 | AA23: 82 | AB23: 80 | AC23: 80 | AD23: 85 | AE23: =AVERAGE(Z23:AD23) -> 81.4
A24: 14 | B24: 232401015 | C24: REY GUSTIAWAN | D24: √ | F24: ACP | G24: 82 | H24: =AE24 -> 80.4 | I24: 56 | J24: 97 | K24: 0 | L24: =AVERAGE(J24:K24) -> 48.5 | M24: =$N$62+((N24-$N$60)/($N$59-$N$60))*($N$63-$N$62) -> 84.649853 | N24: =(G24*0.5)+(H24*0.15)+(I24*0.1)+(L24*0.25) -> 70.785 | P24: =I24 -> 56 | Q24: 91 | R24: =$S$62+((S24-$S$60)/($S$59-$S$60))*($S$63-$S$62) -> 85.536565 | S24: =(0.1*G24)+(0.5*H24)+(0.15*P24)+(0.25*Q24) -> 79.55 | U24: =I24 -> 56 | V24: 93 | W24: =$X$62+((X24-$X$60)/($X$59-$X$60))*($X$63-$X$62) -> 85.679198 | X24: =(0.1*G24)+(0.5*H24)+(0.15*U24)+(0.25*V24) -> 80.05 | Z24: 80 | AA24: 82 | AB24: 80 | AC24: 80 | AD24: 80 | AE24: =AVERAGE(Z24:AD24) -> 80.4
A25: 15 | B25: 232401016 | C25: SITI HASANAH | D25: √ | F25: ACP | G25: 82 | H25: =AE25 -> 64 | I25: 36 | J25: 93 | K25: 0 | L25: =AVERAGE(J25:K25) -> 46.5 | M25: =$N$62+((N25-$N$60)/($N$59-$N$60))*($N$63-$N$62) -> 83.628676 | N25: =(G25*0.5)+(H25*0.15)+(I25*0.1)+(L25*0.25) -> 65.825 | P25: =I25 -> 36 | Q25: 87 | R25: =$S$62+((S25-$S$60)/($S$59-$S$60))*($S$63-$S$62) -> 84.333607 | S25: =(0.1*G25)+(0.5*H25)+(0.15*P25)+(0.25*Q25) -> 67.35 | U25: =I25 -> 36 | V25: 73 | W25: =$X$62+((X25-$X$60)/($X$59-$X$60))*($X$63-$X$62) -> 84.055138 | X25: =(0.1*G25)+(0.5*H25)+(0.15*U25)+(0.25*V25) -> 63.85 | Z25: 80 | AA25: 80 | AB25: 80 | AC25: 80 | AD25: 0 | AE25: =AVERAGE(Z25:AD25) -> 64
A26: 16 | B26: 232401017 | C26: SURYANA | E26: √ | F26: ACP | G26: 82 | H26: =AE26 -> 48 | I26: 36 | J26: 0 | K26: 0 | L26: =AVERAGE(J26:K26) -> 0 | M26: =$N$62+((N26-$N$60)/($N$59-$N$60))*($N$63-$N$62) -> 80.741176 | N26: =(G26*0.5)+(H26*0.15)+(I26*0.1)+(L26*0.25) -> 51.8 | P26: =I26 -> 36 | Q26: 87 | R26: =$S$62+((S26-$S$60)/($S$59-$S$60))*($S$63-$S$62) -> 83.544782 | S26: =(0.1*G26)+(0.5*H26)+(0.15*P26)+(0.25*Q26) -> 59.35 | U26: =I26 -> 36 | V26: 93 | W26: =$X$62+((X26-$X$60)/($X$59-$X$60))*($X$63-$X$62) -> 83.754386 | X26: =(0.1*G26)+(0.5*H26)+(0.15*U26)+(0.25*V26) -> 60.85 | Z26: 80 | AA26: 80 | AB26: 80 | AC26: 0 | AD26: 0 | AE26: =AVERAGE(Z26:AD26) -> 48
A27: 17 | B27: 232401018 | C27: TIARA AMANDA PUTRI FATRIANA | E27: √ | F27: ACP | G27: 82 | H27: =AE27 -> 32 | I27: 52 | J27: 95 | K27: 0 | L27: =AVERAGE(J27:K27) -> 47.5 | M27: =$N$62+((N27-$N$60)/($N$59-$N$60))*($N$63-$N$62) -> 83.021324 | N27: =(G27*0.5)+(H27*0.15)+(I27*0.1)+(L27*0.25) -> 62.875 | P27: =I27 -> 52 | Q27: 87 | R27: =$S$62+((S27-$S$60)/($S$59-$S$60))*($S$63-$S$62) -> 82.992605 | S27: =(0.1*G27)+(0.5*H27)+(0.15*P27)+(0.25*Q27) -> 53.75 | U27: =I27 -> 52 | V27: 91 | W27: =$X$62+((X27-$X$60)/($X$59-$X$60))*($X$63-$X$62) -> 83.142857 | X27: =(0.1*G27)+(0.5*H27)+(0.15*U27)+(0.25*V27) -> 54.75 | Z27: 80 | AA27: 80 | AB27: 0 | AC27: 0 | AD27: 0 | AE27: =AVERAGE(Z27:AD27) -> 32
A28: 19 | B28: 232401020 | C28: WAHID DICKY NUGROHO | D28: √ | F28: ACP | G28: 82 | H28: =AE28 -> 32 | I28: 36 | J28: 97 | K28: 83 | L28: =AVERAGE(J28:K28) -> 90 | M28: =$N$62+((N28-$N$60)/($N$59-$N$60))*($N$63-$N$62) -> 84.879412 | N28: =(G28*0.5)+(H28*0.15)+(I28*0.1)+(L28*0.25) -> 71.9 | P28: =I28 -> 36 | Q28: 91 | R28: =$S$62+((S28-$S$60)/($S$59-$S$60))*($S$63-$S$62) -> 82.85456 | S28: =(0.1*G28)+(0.5*H28)+(0.15*P28)+(0.25*Q28) -> 52.35 | U28: =I28 -> 36 | V28: 89 | W28: =$X$62+((X28-$X$60)/($X$59-$X$60))*($X$63-$X$62) -> 82.85213 | X28: =(0.1*G28)+(0.5*H28)+(0.15*U28)+(0.25*V28) -> 51.85 | Z28: 80 | AA28: 80 | AB28: 0 | AC28: 0 | AD28: 0 | AE28: =AVERAGE(Z28:AD28) -> 32
A29: 20 | B29: 232401021 | C29: ABDUL HAKIM | D29: √ | F29: PPLG | G29: 82 | H29: =AE29 -> 81 | I29: 82 | J29: 93 | K29: 0 | L29: =AVERAGE(J29:K29) -> 46.5 | M29: =$N$62+((N29-$N$60)/($N$59-$N$60))*($N$63-$N$62) -> 85.100735 | N29: =(G29*0.5)+(H29*0.15)+(I29*0.1)+(L29*0.25) -> 72.975 | P29: =I29 -> 82 | Q29: 93 | R29: =$S$62+((S29-$S$60)/($S$59-$S$60))*($S$63-$S$62) -> 86 | S29: =(0.1*G29)+(0.5*H29)+(0.15*P29)+(0.25*Q29) -> 84.25 | U29: =I29 -> 82 | V29: 89 | W29: =$X$62+((X29-$X$60)/($X$59-$X$60))*($X$63-$X$62) -> 86 | X29: =(0.1*G29)+(0.5*H29)+(0.15*U29)+(0.25*V29) -> 83.25 | Z29: 80 | AA29: 80 | AB29: 80 | AC29: 80 | AD29: 85 | AE29: =AVERAGE(Z29:AD29) -> 81
A30: 21 | B30: 232401022 | C30: ADITYA PUTRA NURAHMAN | D30: √ | F30: PPLG | G30: 81 | H30: =AE30 -> 81 | I30: 62 | J30: 95 | K30: 83 | L30: =AVERAGE(J30:K30) -> 89 | M30: =$N$62+((N30-$N$60)/($N$59-$N$60))*($N$63-$N$62) -> 86.773529 | N30: =(G30*0.5)+(H30*0.15)+(I30*0.1)+(L30*0.25) -> 81.1 | P30: =I30 -> 62 | Q30: 93 | R30: =$S$62+((S30-$S$60)/($S$59-$S$60))*($S$63-$S$62) -> 85.69433 | S30: =(0.1*G30)+(0.5*H30)+(0.15*P30)+(0.25*Q30) -> 81.15 | U30: =I30 -> 62 | V30: 93 | W30: =$X$62+((X30-$X$60)/($X$59-$X$60))*($X$63-$X$62) -> 85.789474 | X30: =(0.1*G30)+(0.5*H30)+(0.15*U30)+(0.25*V30) -> 81.15 | Z30: 80 | AA30: 80 | AB30: 80 | AC30: 80 | AD30: 85 | AE30: =AVERAGE(Z30:AD30) -> 81
A31: 26 | B31: 232401027 | C31: ADRIAN BAGUS RAMADANI | D31: √ | F31: PPLG | G31: 80 | H31: =AE31 -> 81 | I31: 64 | J31: 93 | K31: 83 | L31: =AVERAGE(J31:K31) -> 88 | M31: =$N$62+((N31-$N$60)/($N$59-$N$60))*($N$63-$N$62) -> 86.660294 | N31: =(G31*0.5)+(H31*0.15)+(I31*0.1)+(L31*0.25) -> 80.55 | P31: =I31 -> 64 | Q31: 87 | R31: =$S$62+((S31-$S$60)/($S$59-$S$60))*($S$63-$S$62) -> 85.566146 | S31: =(0.1*G31)+(0.5*H31)+(0.15*P31)+(0.25*Q31) -> 79.85 | U31: =I31 -> 64 | V31: 87 | W31: =$X$62+((X31-$X$60)/($X$59-$X$60))*($X$63-$X$62) -> 85.659148 | X31: =(0.1*G31)+(0.5*H31)+(0.15*U31)+(0.25*V31) -> 79.85 | Z31: 80 | AA31: 80 | AB31: 80 | AC31: 80 | AD31: 85 | AE31: =AVERAGE(Z31:AD31) -> 81
A32: 22 | B32: 232401023 | C32: AGIL AL PAUJI | D32: √ | F32: PPLG | G32: 82 | H32: =AE32 -> 81 | I32: 0 | J32: 87 | K32: 0 | L32: =AVERAGE(J32:K32) -> 43.5 | M32: =$N$62+((N32-$N$60)/($N$59-$N$60))*($N$63-$N$62) -> 83.258088 | N32: =(G32*0.5)+(H32*0.15)+(I32*0.1)+(L32*0.25) -> 64.025 | P32: =I32 -> 0 | Q32: 93 | R32: =$S$62+((S32-$S$60)/($S$59-$S$60))*($S$63-$S$62) -> 84.787182 | S32: =(0.1*G32)+(0.5*H32)+(0.15*P32)+(0.25*Q32) -> 71.95 | U32: =I32 -> 0 | V32: 93 | W32: =$X$62+((X32-$X$60)/($X$59-$X$60))*($X$63-$X$62) -> 84.867168 | X32: =(0.1*G32)+(0.5*H32)+(0.15*U32)+(0.25*V32) -> 71.95 | Z32: 80 | AA32: 80 | AB32: 80 | AC32: 80 | AD32: 85 | AE32: =AVERAGE(Z32:AD32) -> 81
A33: 23 | B33: 232401024 | C33: AGUNAWAN | D33: √ | F33: PPLG | G33: 82 | H33: =AE33 -> 81 | I33: 64 | J33: 87 | K33: 83 | L33: =AVERAGE(J33:K33) -> 85 | M33: =$N$62+((N33-$N$60)/($N$59-$N$60))*($N$63-$N$62) -> 86.711765 | N33: =(G33*0.5)+(H33*0.15)+(I33*0.1)+(L33*0.25) -> 80.8 | P33: =I33 -> 64 | Q33: 93 | R33: =$S$62+((S33-$S$60)/($S$59-$S$60))*($S$63-$S$62) -> 85.733772 | S33: =(0.1*G33)+(0.5*H33)+(0.15*P33)+(0.25*Q33) -> 81.55 | U33: =I33 -> 64 | V33: 93 | W33: =$X$62+((X33-$X$60)/($X$59-$X$60))*($X$63-$X$62) -> 85.829574 | X33: =(0.1*G33)+(0.5*H33)+(0.15*U33)+(0.25*V33) -> 81.55 | Z33: 80 | AA33: 80 | AB33: 80 | AC33: 80 | AD33: 85 | AE33: =AVERAGE(Z33:AD33) -> 81
A34: 24 | B34: 232401025 | C34: ALI AKBAR NUR SUBHKI | D34: √ | F34: PPLG | G34: 81 | H34: =AE34 -> 81 | I34: 0 | J34: 91 | K34: 83 | L34: =AVERAGE(J34:K34) -> 87 | M34: =$N$62+((N34-$N$60)/($N$59-$N$60))*($N$63-$N$62) -> 85.394118 | N34: =(G34*0.5)+(H34*0.15)+(I34*0.1)+(L34*0.25) -> 74.4 | P34: =I34 -> 0 | Q34: 93 | R34: =$S$62+((S34-$S$60)/($S$59-$S$60))*($S$63-$S$62) -> 84.777321 | S34: =(0.1*G34)+(0.5*H34)+(0.15*P34)+(0.25*Q34) -> 71.85 | U34: =I34 -> 0 | V34: 93 | W34: =$X$62+((X34-$X$60)/($X$59-$X$60))*($X$63-$X$62) -> 84.857143 | X34: =(0.1*G34)+(0.5*H34)+(0.15*U34)+(0.25*V34) -> 71.85 | Z34: 80 | AA34: 80 | AB34: 80 | AC34: 80 | AD34: 85 | AE34: =AVERAGE(Z34:AD34) -> 81
A35: 25 | B35: 232401026 | C35: ALMA DEFAULIA MAHARANI | E35: √ | F35: PPLG | G35: 82 | H35: =AE35 -> 81 | I35: 66 | J35: 91 | K35: 83 | L35: =AVERAGE(J35:K35) -> 87 | M35: =$N$62+((N35-$N$60)/($N$59-$N$60))*($N$63-$N$62) -> 86.855882 | N35: =(G35*0.5)+(H35*0.15)+(I35*0.1)+(L35*0.25) -> 81.5 | P35: =I35 -> 66 | Q35: 93 | R35: =$S$62+((S35-$S$60)/($S$59-$S$60))*($S$63-$S$62) -> 85.763353 | S35: =(0.1*G35)+(0.5*H35)+(0.15*P35)+(0.25*Q35) -> 81.85 | U35: =I35 -> 66 | V35: 87 | W35: =$X$62+((X35-$X$60)/($X$59-$X$60))*($X$63-$X$62) -> 85.709273 | X35: =(0.1*G35)+(0.5*H35)+(0.15*U35)+(0.25*V35) -> 80.35 | Z35: 80 | AA35: 80 | AB35: 80 | AC35: 80 | AD35: 85 | AE35: =AVERAGE(Z35:AD35) -> 81
A36: 27 | B36: 232401028 | C36: ARABI RUDINATA | D36: √ | F36: PPLG | G36: 82 | H36: =AE36 -> 81 | I36: 64 | J36: 59 | K36: 83 | L36: =AVERAGE(J36:K36) -> 71 | M36: =$N$62+((N36-$N$60)/($N$59-$N$60))*($N$63-$N$62) -> 85.991176 | N36: =(G36*0.5)+(H36*0.15)+(I36*0.1)+(L36*0.25) -> 77.3 | P36: =I36 -> 64 | Q36: 89 | R36: =$S$62+((S36-$S$60)/($S$59-$S$60))*($S$63-$S$62) -> 85.635168 | S36: =(0.1*G36)+(0.5*H36)+(0.15*P36)+(0.25*Q36) -> 80.55 | U36: =I36 -> 64 | V36: 93 | W36: =$X$62+((X36-$X$60)/($X$59-$X$60))*($X$63-$X$62) -> 85.829574 | X36: =(0.1*G36)+(0.5*H36)+(0.15*U36)+(0.25*V36) -> 81.55 | Z36: 80 | AA36: 80 | AB36: 80 | AC36: 80 | AD36: 85 | AE36: =AVERAGE(Z36:AD36) -> 81
A37: 28 | B37: 232401029 | C37: ARDIANSYAH | D37: √ | F37: PPLG | G37: 82 | H37: =AE37 -> 81 | I37: 64 | J37: 93 | K37: 0 | L37: =AVERAGE(J37:K37) -> 46.5 | M37: =$N$62+((N37-$N$60)/($N$59-$N$60))*($N$63-$N$62) -> 84.730147 | N37: =(G37*0.5)+(H37*0.15)+(I37*0.1)+(L37*0.25) -> 71.175 | P37: =I37 -> 64 | Q37: 89 | R37: =$S$62+((S37-$S$60)/($S$59-$S$60))*($S$63-$S$62) -> 85.635168 | S37: =(0.1*G37)+(0.5*H37)+(0.15*P37)+(0.25*Q37) -> 80.55 | U37: =I37 -> 64 | V37: 75 | W37: =$X$62+((X37-$X$60)/($X$59-$X$60))*($X$63-$X$62) -> 85.378446 | X37: =(0.1*G37)+(0.5*H37)+(0.15*U37)+(0.25*V37) -> 77.05 | Z37: 80 | AA37: 80 | AB37: 80 | AC37: 80 | AD37: 85 | AE37: =AVERAGE(Z37:AD37) -> 81
A38: 29 | B38: 232401030 | C38: ASTRI LIANTI | E38: √ | F38: PPLG | G38: 82 | H38: =AE38 -> 81 | I38: 68 | J38: 91 | K38: 83 | L38: =AVERAGE(J38:K38) -> 87 | M38: =$N$62+((N38-$N$60)/($N$59-$N$60))*($N$63-$N$62) -> 86.897059 | N38: =(G38*0.5)+(H38*0.15)+(I38*0.1)+(L38*0.25) -> 81.7 | P38: =I38 -> 68 | Q38: 91 | R38: =$S$62+((S38-$S$60)/($S$59-$S$60))*($S$63-$S$62) -> 85.743632 | S38: =(0.1*G38)+(0.5*H38)+(0.15*P38)+(0.25*Q38) -> 81.65 | U38: =I38 -> 68 | V38: 87 | W38: =$X$62+((X38-$X$60)/($X$59-$X$60))*($X$63-$X$62) -> 85.739348 | X38: =(0.1*G38)+(0.5*H38)+(0.15*U38)+(0.25*V38) -> 80.65 | Z38: 80 | AA38: 80 | AB38: 80 | AC38: 80 | AD38: 85 | AE38: =AVERAGE(Z38:AD38) -> 81
A39: 30 | B39: 232401031 | C39: AURA PUTRI RAMADANI | E39: √ | F39: PPLG | G39: 82 | H39: =AE39 -> 81 | I39: 70 | J39: 91 | K39: 83 | L39: =AVERAGE(J39:K39) -> 87 | M39: =$N$62+((N39-$N$60)/($N$59-$N$60))*($N$63-$N$62) -> 86.938235 | N39: =(G39*0.5)+(H39*0.15)+(I39*0.1)+(L39*0.25) -> 81.9 | P39: =I39 -> 70 | Q39: 93 | R39: =$S$62+((S39-$S$60)/($S$59-$S$60))*($S$63-$S$62) -> 85.822514 | S39: =(0.1*G39)+(0.5*H39)+(0.15*P39)+(0.25*Q39) -> 82.45 | U39: =I39 -> 70 | V39: 93 | W39: =$X$62+((X39-$X$60)/($X$59-$X$60))*($X$63-$X$62) -> 85.919799 | X39: =(0.1*G39)+(0.5*H39)+(0.15*U39)+(0.25*V39) -> 82.45 | Z39: 80 | AA39: 80 | AB39: 80 | AC39: 80 | AD39: 85 | AE39: =AVERAGE(Z39:AD39) -> 81
A40: 31 | B40: 232401032 | C40: ERLANGGA WIRADINATA | D40: √ | F40: PPLG | G40: 81 | H40: =AE40 -> 49 | I40: 64 | J40: 83 | K40: 83 | L40: =AVERAGE(J40:K40) -> 83 | M40: =$N$62+((N40-$N$60)/($N$59-$N$60))*($N$63-$N$62) -> 85.517647 | N40: =(G40*0.5)+(H40*0.15)+(I40*0.1)+(L40*0.25) -> 75 | P40: =I40 -> 64 | Q40: 69 | R40: =$S$62+((S40-$S$60)/($S$59-$S$60))*($S$63-$S$62) -> 83.554643 | S40: =(0.1*G40)+(0.5*H40)+(0.15*P40)+(0.25*Q40) -> 59.45 | U40: =I40 -> 64 | V40: 87 | W40: =$X$62+((X40-$X$60)/($X$59-$X$60))*($X$63-$X$62) -> 84.065163 | X40: =(0.1*G40)+(0.5*H40)+(0.15*U40)+(0.25*V40) -> 63.95 | Z40: 80 | AA40: 80 | AB40: 0 | AC40: 0 | AD40: 85 | AE40: =AVERAGE(Z40:AD40) -> 49
A41: 32 | B41: 232401033 | C41: IKHSAN ALFANDI PRATAMA | D41: √ | F41: PPLG | G41: 82 | H41: =AE41 -> 81 | I41: 54 | J41: 93 | K41: 0 | L41: =AVERAGE(J41:K41) -> 46.5 | M41: =$N$62+((N41-$N$60)/($N$59-$N$60))*($N$63-$N$62) -> 84.524265 | N41: =(G41*0.5)+(H41*0.15)+(I41*0.1)+(L41*0.25) -> 70.175 | P41: =I41 -> 54 | Q41: 91 | R41: =$S$62+((S41-$S$60)/($S$59-$S$60))*($S$63-$S$62) -> 85.536565 | S41: =(0.1*G41)+(0.5*H41)+(0.15*P41)+(0.25*Q41) -> 79.55 | U41: =I41 -> 54 | V41: 93 | W41: =$X$62+((X41-$X$60)/($X$59-$X$60))*($X$63-$X$62) -> 85.679198 | X41: =(0.1*G41)+(0.5*H41)+(0.15*U41)+(0.25*V41) -> 80.05 | Z41: 80 | AA41: 80 | AB41: 80 | AC41: 80 | AD41: 85 | AE41: =AVERAGE(Z41:AD41) -> 81
A42: 33 | B42: 232401035 | C42: KIREINA NARZILLA IRAWAN | E42: √ | F42: PPLG | G42: 82 | H42: =AE42 -> 81 | I42: 74 | J42: 91 | K42: 0 | L42: =AVERAGE(J42:K42) -> 45.5 | M42: =$N$62+((N42-$N$60)/($N$59-$N$60))*($N$63-$N$62) -> 84.884559 | N42: =(G42*0.5)+(H42*0.15)+(I42*0.1)+(L42*0.25) -> 71.925 | P42: =I42 -> 74 | Q42: 93 | R42: =$S$62+((S42-$S$60)/($S$59-$S$60))*($S$63-$S$62) -> 85.881676 | S42: =(0.1*G42)+(0.5*H42)+(0.15*P42)+(0.25*Q42) -> 83.05 | U42: =I42 -> 74 | V42: 81 | W42: =$X$62+((X42-$X$60)/($X$59-$X$60))*($X$63-$X$62) -> 85.679198 | X42: =(0.1*G42)+(0.5*H42)+(0.15*U42)+(0.25*V42) -> 80.05 | Z42: 80 | AA42: 80 | AB42: 80 | AC42: 80 | AD42: 85 | AE42: =AVERAGE(Z42:AD42) -> 81
A43: 36 | B43: 232401040 | C43: MOCH VIRAS AL GAZALI | D43: √ | F43: PPLG | G43: 81 | H43: =AE43 -> 81 | I43: 64 | J43: 93 | K43: 0 | L43: =AVERAGE(J43:K43) -> 46.5 | M43: =$N$62+((N43-$N$60)/($N$59-$N$60))*($N$63-$N$62) -> 84.627206 | N43: =(G43*0.5)+(H43*0.15)+(I43*0.1)+(L43*0.25) -> 70.675 | P43: =I43 -> 64 | Q43: 91 | R43: =$S$62+((S43-$S$60)/($S$59-$S$60))*($S$63-$S$62) -> 85.67461 | S43: =(0.1*G43)+(0.5*H43)+(0.15*P43)+(0.25*Q43) -> 80.95 | U43: =I43 -> 64 | V43: 93 | W43: =$X$62+((X43-$X$60)/($X$59-$X$60))*($X$63-$X$62) -> 85.819549 | X43: =(0.1*G43)+(0.5*H43)+(0.15*U43)+(0.25*V43) -> 81.45 | Z43: 80 | AA43: 80 | AB43: 80 | AC43: 80 | AD43: 85 | AE43: =AVERAGE(Z43:AD43) -> 81
A44: 35 | B44: 232401039 | C44: M. RIZKI ANDIKA | D44: √ | F44: PPLG | G44: 81 | H44: =AE44 -> 65 | I44: 0 | J44: 91 | K44: 83 | L44: =AVERAGE(J44:K44) -> 87 | M44: =$N$62+((N44-$N$60)/($N$59-$N$60))*($N$63-$N$62) -> 84.9 | N44: =(G44*0.5)+(H44*0.15)+(I44*0.1)+(L44*0.25) -> 72 | P44: =I44 -> 0 | Q44: 87 | R44: =$S$62+((S44-$S$60)/($S$59-$S$60))*($S$63-$S$62) -> 83.840592 | S44: =(0.1*G44)+(0.5*H44)+(0.15*P44)+(0.25*Q44) -> 62.35 | U44: =I44 -> 0 | V44: 91 | W44: =$X$62+((X44-$X$60)/($X$59-$X$60))*($X$63-$X$62) -> 84.005013 | X44: =(0.1*G44)+(0.5*H44)+(0.15*U44)+(0.25*V44) -> 63.35 | Z44: 0 | AA44: 80 | AB44: 80 | AC44: 80 | AD44: 85 | AE44: =AVERAGE(Z44:AD44) -> 65
A45: 34 | B45: 232401036 | C45: M SIDIQ | D45: √ | F45: PPLG | G45: 82 | H45: =AE45 -> 81 | I45: 64 | J45: 81 | K45: 0 | L45: =AVERAGE(J45:K45) -> 40.5 | M45: =$N$62+((N45-$N$60)/($N$59-$N$60))*($N$63-$N$62) -> 84.421324 | N45: =(G45*0.5)+(H45*0.15)+(I45*0.1)+(L45*0.25) -> 69.675 | P45: =I45 -> 64 | Q45: 91 | R45: =$S$62+((S45-$S$60)/($S$59-$S$60))*($S$63-$S$62) -> 85.68447 | S45: =(0.1*G45)+(0.5*H45)+(0.15*P45)+(0.25*Q45) -> 81.05 | U45: =I45 -> 64 | V45: 93 | W45: =$X$62+((X45-$X$60)/($X$59-$X$60))*($X$63-$X$62) -> 85.829574 | X45: =(0.1*G45)+(0.5*H45)+(0.15*U45)+(0.25*V45) -> 81.55 | Z45: 80 | AA45: 80 | AB45: 80 | AC45: 80 | AD45: 85 | AE45: =AVERAGE(Z45:AD45) -> 81
A46: 37 | B46: 232401042 | C46: NAILA NAZWA LATIFA | E46: √ | F46: PPLG | G46: 81 | H46: =AE46 -> 81 | I46: 70 | J46: 93 | K46: 83 | L46: =AVERAGE(J46:K46) -> 88 | M46: =$N$62+((N46-$N$60)/($N$59-$N$60))*($N$63-$N$62) -> 86.886765 | N46: =(G46*0.5)+(H46*0.15)+(I46*0.1)+(L46*0.25) -> 81.65 | P46: =I46 -> 70 | Q46: 87 | R46: =$S$62+((S46-$S$60)/($S$59-$S$60))*($S$63-$S$62) -> 85.664749 | S46: =(0.1*G46)+(0.5*H46)+(0.15*P46)+(0.25*Q46) -> 80.85 | U46: =I46 -> 70 | V46: 93 | W46: =$X$62+((X46-$X$60)/($X$59-$X$60))*($X$63-$X$62) -> 85.909774 | X46: =(0.1*G46)+(0.5*H46)+(0.15*U46)+(0.25*V46) -> 82.35 | Z46: 80 | AA46: 80 | AB46: 80 | AC46: 80 | AD46: 85 | AE46: =AVERAGE(Z46:AD46) -> 81
A47: 38 | B47: 232401043 | C47: NYAI INDAH LESTARI | E47: √ | F47: PPLG | G47: 82 | H47: =AE47 -> 81 | I47: 68 | J47: 93 | K47: 83 | L47: =AVERAGE(J47:K47) -> 88 | M47: =$N$62+((N47-$N$60)/($N$59-$N$60))*($N$63-$N$62) -> 86.948529 | N47: =(G47*0.5)+(H47*0.15)+(I47*0.1)+(L47*0.25) -> 81.95 | P47: =I47 -> 68 | Q47: 93 | R47: =$S$62+((S47-$S$60)/($S$59-$S$60))*($S$63-$S$62) -> 85.792933 | S47: =(0.1*G47)+(0.5*H47)+(0.15*P47)+(0.25*Q47) -> 82.15 | U47: =I47 -> 68 | V47: 93 | W47: =$X$62+((X47-$X$60)/($X$59-$X$60))*($X$63-$X$62) -> 85.889724 | X47: =(0.1*G47)+(0.5*H47)+(0.15*U47)+(0.25*V47) -> 82.15 | Z47: 80 | AA47: 80 | AB47: 80 | AC47: 80 | AD47: 85 | AE47: =AVERAGE(Z47:AD47) -> 81
A48: 39 | B48: 232401044 | C48: RAKA LEANER YACOB BOOM | D48: √ | F48: PPLG | G48: 80 | H48: =AE48 -> 49 | I48: 56 | J48: 81 | K48: 0 | L48: =AVERAGE(J48:K48) -> 40.5 | M48: =$N$62+((N48-$N$60)/($N$59-$N$60))*($N$63-$N$62) -> 83.0625 | N48: =(G48*0.5)+(H48*0.15)+(I48*0.1)+(L48*0.25) -> 63.075 | P48: =I48 -> 56 | Q48: 91 | R48: =$S$62+((S48-$S$60)/($S$59-$S$60))*($S$63-$S$62) -> 83.968776 | S48: =(0.1*G48)+(0.5*H48)+(0.15*P48)+(0.25*Q48) -> 63.65 | U48: =I48 -> 56 | V48: 0 | W48: =$X$62+((X48-$X$60)/($X$59-$X$60))*($X$63-$X$62) -> 81.754386 | X48: =(0.1*G48)+(0.5*H48)+(0.15*U48)+(0.25*V48) -> 40.9 | Z48: 80 | AA48: 0 | AB48: 0 | AC48: 80 | AD48: 85 | AE48: =AVERAGE(Z48:AD48) -> 49
A49: 40 | B49: 232401045 | C49: RATU CHIKA SRI ASTUTI | E49: √ | F49: PPLG | G49: 82 | H49: =AE49 -> 81 | I49: 68 | J49: 95 | K49: 83 | L49: =AVERAGE(J49:K49) -> 89 | M49: =$N$62+((N49-$N$60)/($N$59-$N$60))*($N$63-$N$62) -> 87 | N49: =(G49*0.5)+(H49*0.15)+(I49*0.1)+(L49*0.25) -> 82.2 | P49: =I49 -> 68 | Q49: 93 | R49: =$S$62+((S49-$S$60)/($S$59-$S$60))*($S$63-$S$62) -> 85.792933 | S49: =(0.1*G49)+(0.5*H49)+(0.15*P49)+(0.25*Q49) -> 82.15 | U49: =I49 -> 68 | V49: 93 | W49: =$X$62+((X49-$X$60)/($X$59-$X$60))*($X$63-$X$62) -> 85.889724 | X49: =(0.1*G49)+(0.5*H49)+(0.15*U49)+(0.25*V49) -> 82.15 | Z49: 80 | AA49: 80 | AB49: 80 | AC49: 80 | AD49: 85 | AE49: =AVERAGE(Z49:AD49) -> 81
A50: 41 | B50: 232401046 | C50: RAYSAD RADANA | D50: √ | F50: PPLG | G50: 82 | H50: =AE50 -> 81 | I50: 58 | J50: 85 | K50: 83 | L50: =AVERAGE(J50:K50) -> 84 | M50: =$N$62+((N50-$N$60)/($N$59-$N$60))*($N$63-$N$62) -> 86.536765 | N50: =(G50*0.5)+(H50*0.15)+(I50*0.1)+(L50*0.25) -> 79.95 | P50: =I50 -> 58 | Q50: 93 | R50: =$S$62+((S50-$S$60)/($S$59-$S$60))*($S$63-$S$62) -> 85.645029 | S50: =(0.1*G50)+(0.5*H50)+(0.15*P50)+(0.25*Q50) -> 80.65 | U50: =I50 -> 58 | V50: 93 | W50: =$X$62+((X50-$X$60)/($X$59-$X$60))*($X$63-$X$62) -> 85.739348 | X50: =(0.1*G50)+(0.5*H50)+(0.15*U50)+(0.25*V50) -> 80.65 | Z50: 80 | AA50: 80 | AB50: 80 | AC50: 80 | AD50: 85 | AE50: =AVERAGE(Z50:AD50) -> 81
A51: 42 | B51: 232401047 | C51: REHAN RAMADAN | D51: √ | F51: PPLG | G51: 82 | H51: =AE51 -> 81 | I51: 68 | J51: 91 | K51: 83 | L51: =AVERAGE(J51:K51) -> 87 | M51: =$N$62+((N51-$N$60)/($N$59-$N$60))*($N$63-$N$62) -> 86.897059 | N51: =(G51*0.5)+(H51*0.15)+(I51*0.1)+(L51*0.25) -> 81.7 | P51: =I51 -> 68 | Q51: 93 | R51: =$S$62+((S51-$S$60)/($S$59-$S$60))*($S$63-$S$62) -> 85.792933 | S51: =(0.1*G51)+(0.5*H51)+(0.15*P51)+(0.25*Q51) -> 82.15 | U51: =I51 -> 68 | V51: 91 | W51: =$X$62+((X51-$X$60)/($X$59-$X$60))*($X$63-$X$62) -> 85.839599 | X51: =(0.1*G51)+(0.5*H51)+(0.15*U51)+(0.25*V51) -> 81.65 | Z51: 80 | AA51: 80 | AB51: 80 | AC51: 80 | AD51: 85 | AE51: =AVERAGE(Z51:AD51) -> 81
A52: 44 | B52: 232401049 | C52: RENDI MAULANA | D52: √ | F52: PPLG | G52: 79 | H52: =AE52 -> 49 | I52: 0 | J52: 89 | K52: 0 | L52: =AVERAGE(J52:K52) -> 44.5 | M52: =$N$62+((N52-$N$60)/($N$59-$N$60))*($N$63-$N$62) -> 82.0125 | N52: =(G52*0.5)+(H52*0.15)+(I52*0.1)+(L52*0.25) -> 57.975 | P52: =I52 -> 0 | Q52: 93 | R52: =$S$62+((S52-$S$60)/($S$59-$S$60))*($S$63-$S$62) -> 83.179951 | S52: =(0.1*G52)+(0.5*H52)+(0.15*P52)+(0.25*Q52) -> 55.65 | U52: =I52 -> 0 | V52: 93 | W52: =$X$62+((X52-$X$60)/($X$59-$X$60))*($X$63-$X$62) -> 83.233083 | X52: =(0.1*G52)+(0.5*H52)+(0.15*U52)+(0.25*V52) -> 55.65 | Z52: 80 | AA52: 0 | AB52: 0 | AC52: 80 | AD52: 85 | AE52: =AVERAGE(Z52:AD52) -> 49
A53: 43 | B53: 232401048 | C53: RESTA SEPTIANI | E53: √ | F53: PPLG | G53: 82 | H53: =AE53 -> 81 | I53: 66 | J53: 93 | K53: 83 | L53: =AVERAGE(J53:K53) -> 88 | M53: =$N$62+((N53-$N$60)/($N$59-$N$60))*($N$63-$N$62) -> 86.907353 | N53: =(G53*0.5)+(H53*0.15)+(I53*0.1)+(L53*0.25) -> 81.75 | P53: =I53 -> 66 | Q53: 93 | R53: =$S$62+((S53-$S$60)/($S$59-$S$60))*($S$63-$S$62) -> 85.763353 | S53: =(0.1*G53)+(0.5*H53)+(0.15*P53)+(0.25*Q53) -> 81.85 | U53: =I53 -> 66 | V53: 89 | W53: =$X$62+((X53-$X$60)/($X$59-$X$60))*($X$63-$X$62) -> 85.759398 | X53: =(0.1*G53)+(0.5*H53)+(0.15*U53)+(0.25*V53) -> 80.85 | Z53: 80 | AA53: 80 | AB53: 80 | AC53: 80 | AD53: 85 | AE53: =AVERAGE(Z53:AD53) -> 81
A54: 45 | B54: 232401050 | C54: RIAN SAPUTRA | D54: √ | F54: PPLG | G54: 79 | H54: =AE54 -> 81 | I54: 66 | J54: 87 | K54: 0 | L54: =AVERAGE(J54:K54) -> 43.5 | M54: =$N$62+((N54-$N$60)/($N$59-$N$60))*($N$63-$N$62) -> 84.308088 | N54: =(G54*0.5)+(H54*0.15)+(I54*0.1)+(L54*0.25) -> 69.125 | P54: =I54 -> 66 | Q54: 93 | R54: =$S$62+((S54-$S$60)/($S$59-$S$60))*($S$63-$S$62) -> 85.733772 | S54: =(0.1*G54)+(0.5*H54)+(0.15*P54)+(0.25*Q54) -> 81.55 | U54: =I54 -> 66 | V54: 87 | W54: =$X$62+((X54-$X$60)/($X$59-$X$60))*($X$63-$X$62) -> 85.679198 | X54: =(0.1*G54)+(0.5*H54)+(0.15*U54)+(0.25*V54) -> 80.05 | Z54: 80 | AA54: 80 | AB54: 80 | AC54: 80 | AD54: 85 | AE54: =AVERAGE(Z54:AD54) -> 81
A55: 46 | B55: 232401052 | C55: SAHILMI | D55: √ | F55: PPLG | G55: 82 | H55: =AE55 -> 81 | I55: 64 | J55: 91 | K55: 83 | L55: =AVERAGE(J55:K55) -> 87 | M55: =$N$62+((N55-$N$60)/($N$59-$N$60))*($N$63-$N$62) -> 86.814706 | N55: =(G55*0.5)+(H55*0.15)+(I55*0.1)+(L55*0.25) -> 81.3 | P55: =I55 -> 64 | Q55: 91 | R55: =$S$62+((S55-$S$60)/($S$59-$S$60))*($S$63-$S$62) -> 85.68447 | S55: =(0.1*G55)+(0.5*H55)+(0.15*P55)+(0.25*Q55) -> 81.05 | U55: =I55 -> 64 | V55: 93 | W55: =$X$62+((X55-$X$60)/($X$59-$X$60))*($X$63-$X$62) -> 85.829574 | X55: =(0.1*G55)+(0.5*H55)+(0.15*U55)+(0.25*V55) -> 81.55 | Z55: 80 | AA55: 80 | AB55: 80 | AC55: 80 | AD55: 85 | AE55: =AVERAGE(Z55:AD55) -> 81
A56: 47 | B56: 232401053 | C56: SATRIA NUGRAHA TRI WIGUNA | D56: √ | F56: PPLG | G56: 82 | H56: =AE56 -> 81 | I56: 70 | J56: 89 | K56: 83 | L56: =AVERAGE(J56:K56) -> 86 | M56: =$N$62+((N56-$N$60)/($N$59-$N$60))*($N$63-$N$62) -> 86.886765 | N56: =(G56*0.5)+(H56*0.15)+(I56*0.1)+(L56*0.25) -> 81.65 | P56: =I56 -> 70 | Q56: 73 | R56: =$S$62+((S56-$S$60)/($S$59-$S$60))*($S$63-$S$62) -> 85.329499 | S56: =(0.1*G56)+(0.5*H56)+(0.15*P56)+(0.25*Q56) -> 77.45 | U56: =I56 -> 70 | V56: 91 | W56: =$X$62+((X56-$X$60)/($X$59-$X$60))*($X$63-$X$62) -> 85.869674 | X56: =(0.1*G56)+(0.5*H56)+(0.15*U56)+(0.25*V56) -> 81.95 | Z56: 80 | AA56: 80 | AB56: 80 | AC56: 80 | AD56: 85 | AE56: =AVERAGE(Z56:AD56) -> 81
A57: 48 | B57: 232401054 | C57: VIRZY PRATAMA | D57: √ | F57: PPLG | G57: 82 | H57: =AE57 -> 81 | I57: 66 | J57: 95 | K57: 83 | L57: =AVERAGE(J57:K57) -> 89 | M57: =$N$62+((N57-$N$60)/($N$59-$N$60))*($N$63-$N$62) -> 86.958824 | N57: =(G57*0.5)+(H57*0.15)+(I57*0.1)+(L57*0.25) -> 82 | P57: =I57 -> 66 | Q57: 93 | R57: =$S$62+((S57-$S$60)/($S$59-$S$60))*($S$63-$S$62) -> 85.763353 | S57: =(0.1*G57)+(0.5*H57)+(0.15*P57)+(0.25*Q57) -> 81.85 | U57: =I57 -> 66 | V57: 87 | W57: =$X$62+((X57-$X$60)/($X$59-$X$60))*($X$63-$X$62) -> 85.709273 | X57: =(0.1*G57)+(0.5*H57)+(0.15*U57)+(0.25*V57) -> 80.35 | Z57: 80 | AA57: 80 | AB57: 80 | AC57: 80 | AD57: 85 | AE57: =AVERAGE(Z57:AD57) -> 81
D58: Rata-rata | G58: =AVERAGE(G10:G57) -> 81.666667 | H58: =AVERAGE(H10:H57) -> 65.366667 | I58: =AVERAGE(I10:I57) -> 52.666667 | J58: =AVERAGE(J10:J57) -> 85.479167 | K58: =AVERAGE(K10:K57) -> 51.875 | L58: =AVERAGE(L10:L57) -> 68.677083 | M58: =AVERAGE(M10:M57) -> 85.03882 | N58: =AVERAGE(N10:N57) -> 72.674271 | P58: =AVERAGE(P10:P57) -> 52.666667 | Q58: =AVERAGE(Q10:Q57) -> 88.395833 | R58: =AVERAGE(R10:R57) -> 84.678615 | S58: =AVERAGE(S10:S57) -> 70.848958 | U58: =AVERAGE(U10:U57) -> 52.666667 | V58: =AVERAGE(V10:V57) -> 86.375 | W58: =AVERAGE(W10:W57) -> 84.70614 | X58: =AVERAGE(X10:X57) -> 70.34375
D59: Nilai Tertinggi | G59: =MAX(G10:G57) -> 82 | H59: =MAX(H10:H57) -> 81.4 | I59: =MAX(I10:I57) -> 82 | J59: =MAX(J10:J57) -> 97 | K59: =MAX(K10:K57) -> 83 | L59: =MAX(L10:L57) -> 90 | M59: =MAX(M10:M57) -> 87 | N59: =MAX(N10:N57) -> 82.2 | P59: =MAX(P10:P57) -> 82 | Q59: =MAX(Q10:Q57) -> 93 | R59: =MAX(R10:R57) -> 86 | S59: =MAX(S10:S57) -> 84.25 | U59: =MAX(U10:U57) -> 82 | V59: =MAX(V10:V57) -> 93 | W59: =MAX(W10:W57) -> 86 | X59: =MAX(X10:X57) -> 83.25
D60: Nilai Terendah | G60: =MIN(G10:G57) -> 79 | H60: =MIN(H10:H57) -> 16 | I60: =MIN(I10:I57) -> 0 | J60: =MIN(J10:J57) -> 0 | K60: =MIN(K10:K57) -> 0 | L60: =MIN(L10:L57) -> 0 | M60: =MIN(M10:M57) -> 80 | N60: =MIN(N10:N57) -> 48.2 | P60: =MIN(P10:P57) -> 0 | Q60: =MIN(Q10:Q57) -> 0 | R60: =MIN(R10:R57) -> 80 | S60: =MIN(S10:S57) -> 23.4 | U60: =MIN(U10:U57) -> 0 | V60: =MIN(V10:V57) -> 0 | W60: =MIN(W10:W57) -> 80 | X60: =MIN(X10:X57) -> 23.4
D61: Standar Deviasi | G61: =STDEV(G10:G57) -> 0.75324358 | H61: =STDEV(H10:H57) -> 20.688463 | I61: =STDEV(I10:I57) -> 21.28363 | J61: =STDEV(J10:J57) -> 23.131437 | K61: =STDEV(K10:K57) -> 40.607423 | L61: =STDEV(L10:L57) -> 24.807877 | M61: =STDEV(M10:M57) -> 1.8679583 | N61: =STDEV(N10:N57) -> 9.0729405 | P61: =STDEV(P10:P57) -> 21.28363 | Q61: =STDEV(Q10:Q57) -> 13.819104 | R61: =STDEV(R10:R57) -> 1.3155614 | S61: =STDEV(S10:S57) -> 13.341985 | U61: =STDEV(U10:U57) -> 21.28363 | V61: =STDEV(V10:V57) -> 18.838197 | W61: =STDEV(W10:W57) -> 1.3808543 | X61: =STDEV(X10:X57) -> 13.774022
D62: KKM | G62: 80 | H62: 80 | I62: 80 | J62: 80 | K62: 80 | L62: 80 | M62: 80 | N62: 80 | P62: 80 | Q62: 80 | R62: 80 | S62: 80 | U62: 80 | V62: 80 | W62: 80 | X62: 80
D63: Nilai MAX Terget | G63: 87 | H63: 87 | I63: 87 | J63: 87 | K63: 87 | L63: 87 | M63: 87 | N63: 87 | P63: 86 | Q63: 86 | R63: 86 | S63: 86 | U63: 86 | V63: 86 | W63: 86 | X63: 86

Sheet XII
A1: DAFTAR NILAI SEKOLAH MENENGAH KEJURUAN DOA BANGSA
A2: TAHUN PELAJARAN 2024/2025
A3: REKAYASA PERANGKAT LUNAK
A5: NO | B5: NIS | C5: NAMA SISWA | D5: L/P | F5: KELAS | G5: PENILAIAN | P5: PENILAIAN | U5: PENILAIAN | Z5: PROGRES PROJEK PENGAYAAN UKK
G6: KOMPETENSI KEAHLIAN | P6: KOMPETENSI KEAHLIAN | U6: KOMPETENSI KEAHLIAN
G7: BASIS DATA | P7: PWPB | U7: PPB
G8: NT | H8: NUH | I8: PTS | J8: PAS | L8: NR | M8: NILAI | N8: Nilai | P8: PTS | Q8: PAS | R8: NILAI | S8: Nilai | U8: PTS | V8: PAS | W8: Konversi PAS | X8: Nilai
A9: 1 | B9: 2 | C9: 3 | D9: 4 | F9: 5 | G9: ABSENSI | H9: P.HARIAN | I9: TEORI | J9: TEORI | K9: PRAKTEK | M9: RAPORT | N9: Raport | P9: TEORI | Q9: TEORI | R9: RAPORT | S9: Raport | U9: TEORI | V9: TEORI | W9: RAPORT | X9: Raport | Z9: DATABASES | AA9: LOGIN MULTI USER | AB9: TEMPLATING ENGING | AC9: CREATE | AD9: READ | AE9: UPDATE | AF9: DELETE | AG9: SEARCHING | AH9: REPORT
A10: 1 | B10: 222301001 | C10: ADAM PRATAMA | D10: √ | F10: ACP | G10: 77 | H10: 77 | I10: 0 | J10: 71 | K10: 70 | L10: =AVERAGE(J10:K10) -> 70.5 | M10: =$N$64+((N10-$N$62)/($N$61-$N$62))*($N$65-$N$64) -> 83.035088 | N10: =(0.1*G10)+(0.5*H10)+(0.15*I10)+(0.25*L10) -> 63.825 | P10: =I10 -> 0 | Q10: 0 | R10: =$S$64+((S10-$S$62)/($S$61-$S$62))*($S$65-$S$64) -> 83.013913 | S10: =(0.1*G10)+(0.5*H10)+(0.15*P10)+(0.25*Q10) -> 46.2 | U10: 0 | V10: 0 | W10: =$V$64+((V10-$V$62)/($V$61-$V$62))*($V$65-$V$64) -> #DIV/0! | X10: =(G10*0.5)+(H10*0.15)+(U10*0.1)+(W10*0.25) -> #DIV/0!
A11: 2 | B11: 222301003 | C11: ANDRA SYAHRI RAMDANI | D11: √ | F11: ACP | G11: 80 | H11: 85 | I11: 82 | J11: 79 | K11: 82 | L11: =AVERAGE(J11:K11) -> 80.5 | M11: =$N$64+((N11-$N$62)/($N$61-$N$62))*($N$65-$N$64) -> 86.385965 | N11: =(0.1*G11)+(0.5*H11)+(0.15*I11)+(0.25*L11) -> 82.925 | P11: =I11 -> 82 | Q11: 0 | R11: =$S$64+((S11-$S$62)/($S$61-$S$62))*($S$65-$S$64) -> 86.478261 | S11: =(0.1*G11)+(0.5*H11)+(0.15*P11)+(0.25*Q11) -> 62.8 | U11: 0 | V11: 0 | W11: =$V$64+((V11-$V$62)/($V$61-$V$62))*($V$65-$V$64) -> #DIV/0! | X11: =(G11*0.5)+(H11*0.15)+(U11*0.1)+(W11*0.25) -> #DIV/0!
A12: 3 | B12: 222301004 | C12: DANI | D12: √ | F12: ACP | G12: 80 | H12: 85 | I12: 80 | J12: 79 | K12: 86 | L12: =AVERAGE(J12:K12) -> 82.5 | M12: =$N$64+((N12-$N$62)/($N$61-$N$62))*($N$65-$N$64) -> 86.421053 | N12: =(0.1*G12)+(0.5*H12)+(0.15*I12)+(0.25*L12) -> 83.125 | P12: =I12 -> 80 | Q12: 0 | R12: =$S$64+((S12-$S$62)/($S$61-$S$62))*($S$65-$S$64) -> 86.415652 | S12: =(0.1*G12)+(0.5*H12)+(0.15*P12)+(0.25*Q12) -> 62.5 | U12: 0 | V12: 0 | W12: =$V$64+((V12-$V$62)/($V$61-$V$62))*($V$65-$V$64) -> #DIV/0! | X12: =(G12*0.5)+(H12*0.15)+(U12*0.1)+(W12*0.25) -> #DIV/0!
A13: 4 | B13: 222301005 | C13: GLADISYA HARUMI NEGERI | E13: √ | F13: ACP | G13: 80 | H13: 80 | I13: 80 | J13: 79 | K13: 85 | L13: =AVERAGE(J13:K13) -> 82 | M13: =$N$64+((N13-$N$62)/($N$61-$N$62))*($N$65-$N$64) -> 85.960526 | N13: =(0.1*G13)+(0.5*H13)+(0.15*I13)+(0.25*L13) -> 80.5 | P13: =I13 -> 80 | Q13: 0 | R13: =$S$64+((S13-$S$62)/($S$61-$S$62))*($S$65-$S$64) -> 85.893913 | S13: =(0.1*G13)+(0.5*H13)+(0.15*P13)+(0.25*Q13) -> 60 | U13: 0 | V13: 0 | W13: =$V$64+((V13-$V$62)/($V$61-$V$62))*($V$65-$V$64) -> #DIV/0! | X13: =(G13*0.5)+(H13*0.15)+(U13*0.1)+(W13*0.25) -> #DIV/0!
A14: 5 | B14: 222301006 | C14: HASBI MUBAROK | D14: √ | F14: ACP | G14: 80 | H14: 85 | I14: 82 | J14: 75 | K14: 82 | L14: =AVERAGE(J14:K14) -> 78.5 | M14: =$N$64+((N14-$N$62)/($N$61-$N$62))*($N$65-$N$64) -> 86.298246 | N14: =(0.1*G14)+(0.5*H14)+(0.15*I14)+(0.25*L14) -> 82.425 | P14: =I14 -> 82 | Q14: 0 | R14: =$S$64+((S14-$S$62)/($S$61-$S$62))*($S$65-$S$64) -> 86.478261 | S14: =(0.1*G14)+(0.5*H14)+(0.15*P14)+(0.25*Q14) -> 62.8 | U14: 0 | V14: 0 | W14: =$V$64+((V14-$V$62)/($V$61-$V$62))*($V$65-$V$64) -> #DIV/0! | X14: =(G14*0.5)+(H14*0.15)+(U14*0.1)+(W14*0.25) -> #DIV/0!
A15: 6 | B15: 222301007 | C15: MUHAMMAD ALDO AL-TU RIZKI | D15: √ | F15: ACP | G15: 80 | H15: 77 | I15: 80 | J15: 81 | K15: 83 | L15: =AVERAGE(J15:K15) -> 82 | M15: =$N$64+((N15-$N$62)/($N$61-$N$62))*($N$65-$N$64) -> 85.697368 | N15: =(0.1*G15)+(0.5*H15)+(0.15*I15)+(0.25*L15) -> 79 | P15: =I15 -> 80 | Q15: 0 | R15: =$S$64+((S15-$S$62)/($S$61-$S$62))*($S$65-$S$64) -> 85.58087 | S15: =(0.1*G15)+(0.5*H15)+(0.15*P15)+(0.25*Q15) -> 58.5 | U15: 0 | V15: 0 | W15: =$V$64+((V15-$V$62)/($V$61-$V$62))*($V$65-$V$64) -> #DIV/0! | X15: =(G15*0.5)+(H15*0.15)+(U15*0.1)+(W15*0.25) -> #DIV/0!
A16: 7 | B16: 222301008 | C16: MUHAMMAD ALIP ALBUHORI | D16: √ | F16: ACP | G16: 80 | H16: 85 | I16: 82 | J16: 71 | K16: 79 | L16: =AVERAGE(J16:K16) -> 75 | M16: =$N$64+((N16-$N$62)/($N$61-$N$62))*($N$65-$N$64) -> 86.144737 | N16: =(0.1*G16)+(0.5*H16)+(0.15*I16)+(0.25*L16) -> 81.55 | P16: =I16 -> 82 | Q16: 0 | R16: =$S$64+((S16-$S$62)/($S$61-$S$62))*($S$65-$S$64) -> 86.478261 | S16: =(0.1*G16)+(0.5*H16)+(0.15*P16)+(0.25*Q16) -> 62.8 | U16: 0 | V16: 0 | W16: =$V$64+((V16-$V$62)/($V$61-$V$62))*($V$65-$V$64) -> #DIV/0! | X16: =(G16*0.5)+(H16*0.15)+(U16*0.1)+(W16*0.25) -> #DIV/0!
A17: 8 | B17: 222301009 | C17: MUHAMMAD AZRIL MAULANA | D17: √ | F17: ACP | G17: 80 | H17: 85 | I17: 82 | J17: 79 | K17: 80 | L17: =AVERAGE(J17:K17) -> 79.5 | M17: =$N$64+((N17-$N$62)/($N$61-$N$62))*($N$65-$N$64) -> 86.342105 | N17: =(0.1*G17)+(0.5*H17)+(0.15*I17)+(0.25*L17) -> 82.675 | P17: =I17 -> 82 | Q17: 0 | R17: =$S$64+((S17-$S$62)/($S$61-$S$62))*($S$65-$S$64) -> 86.478261 | S17: =(0.1*G17)+(0.5*H17)+(0.15*P17)+(0.25*Q17) -> 62.8 | U17: 0 | V17: 0 | W17: =$V$64+((V17-$V$62)/($V$61-$V$62))*($V$65-$V$64) -> #DIV/0! | X17: =(G17*0.5)+(H17*0.15)+(U17*0.1)+(W17*0.25) -> #DIV/0!
A18: 9 | B18: 222301010 | C18: MUHAMMAD RAKA DEFIAN | D18: √ | F18: ACP | G18: 80 | H18: 85 | I18: 82 | J18: 75 | K18: 82 | L18: =AVERAGE(J18:K18) -> 78.5 | M18: =$N$64+((N18-$N$62)/($N$61-$N$62))*($N$65-$N$64) -> 86.298246 | N18: =(0.1*G18)+(0.5*H18)+(0.15*I18)+(0.25*L18) -> 82.425 | P18: =I18 -> 82 | Q18: 0 | R18: =$S$64+((S18-$S$62)/($S$61-$S$62))*($S$65-$S$64) -> 86.478261 | S18: =(0.1*G18)+(0.5*H18)+(0.15*P18)+(0.25*Q18) -> 62.8 | U18: 0 | V18: 0 | W18: =$V$64+((V18-$V$62)/($V$61-$V$62))*($V$65-$V$64) -> #DIV/0! | X18: =(G18*0.5)+(H18*0.15)+(U18*0.1)+(W18*0.25) -> #DIV/0!
A19: 10 | B19: 222301011 | C19: MUHAMAD SETIAJI | D19: √ | F19: ACP | G19: 80 | H19: 77 | I19: 0 | J19: 0 | K19: 75 | L19: =AVERAGE(J19:K19) -> 37.5 | M19: =$N$64+((N19-$N$62)/($N$61-$N$62))*($N$65-$N$64) -> 81.640351 | N19: =(0.1*G19)+(0.5*H19)+(0.15*I19)+(0.25*L19) -> 55.875 | P19: =I19 -> 0 | Q19: 0 | R19: =$S$64+((S19-$S$62)/($S$61-$S$62))*($S$65-$S$64) -> 83.076522 | S19: =(0.1*G19)+(0.5*H19)+(0.15*P19)+(0.25*Q19) -> 46.5 | U19: 0 | V19: 0 | W19: =$V$64+((V19-$V$62)/($V$61-$V$62))*($V$65-$V$64) -> #DIV/0! | X19: =(G19*0.5)+(H19*0.15)+(U19*0.1)+(W19*0.25) -> #DIV/0!
A20: 11 | B20: 222301012 | C20: PARHAN HAMDALAH | D20: √ | F20: ACP | G20: 80 | H20: 77 | I20: 0 | J20: 79 | K20: 81 | L20: =AVERAGE(J20:K20) -> 80 | M20: =$N$64+((N20-$N$62)/($N$61-$N$62))*($N$65-$N$64) -> 83.504386 | N20: =(0.1*G20)+(0.5*H20)+(0.15*I20)+(0.25*L20) -> 66.5 | P20: =I20 -> 0 | Q20: 0 | R20: =$S$64+((S20-$S$62)/($S$61-$S$62))*($S$65-$S$64) -> 83.076522 | S20: =(0.1*G20)+(0.5*H20)+(0.15*P20)+(0.25*Q20) -> 46.5 | U20: 0 | V20: 0 | W20: =$V$64+((V20-$V$62)/($V$61-$V$62))*($V$65-$V$64) -> #DIV/0! | X20: =(G20*0.5)+(H20*0.15)+(U20*0.1)+(W20*0.25) -> #DIV/0!
A21: 12 | B21: 222301013 | C21: RAHMITA KUSUMA | E21: √ | F21: ACP | G21: 80 | H21: 90 | I21: 82 | J21: 81 | K21: 88 | L21: =AVERAGE(J21:K21) -> 84.5 | M21: =$N$64+((N21-$N$62)/($N$61-$N$62))*($N$65-$N$64) -> 87 | N21: =(0.1*G21)+(0.5*H21)+(0.15*I21)+(0.25*L21) -> 86.425 | P21: =I21 -> 82 | Q21: 0 | R21: =$S$64+((S21-$S$62)/($S$61-$S$62))*($S$65-$S$64) -> 87 | S21: =(0.1*G21)+(0.5*H21)+(0.15*P21)+(0.25*Q21) -> 65.3 | U21: 0 | V21: 0 | W21: =$V$64+((V21-$V$62)/($V$61-$V$62))*($V$65-$V$64) -> #DIV/0! | X21: =(G21*0.5)+(H21*0.15)+(U21*0.1)+(W21*0.25) -> #DIV/0!
A22: 13 | B22: 222301014 | C22: RENDI DAMARA | D22: √ | F22: ACP | G22: 80 | H22: 85 | I22: 83 | J22: 81 | K22: 85 | L22: =AVERAGE(J22:K22) -> 83 | M22: =$N$64+((N22-$N$62)/($N$61-$N$62))*($N$65-$N$64) -> 86.52193 | N22: =(0.1*G22)+(0.5*H22)+(0.15*I22)+(0.25*L22) -> 83.7 | P22: =I22 -> 83 | Q22: 0 | R22: =$S$64+((S22-$S$62)/($S$61-$S$62))*($S$65-$S$64) -> 86.509565 | S22: =(0.1*G22)+(0.5*H22)+(0.15*P22)+(0.25*Q22) -> 62.95 | U22: 0 | V22: 0 | W22: =$V$64+((V22-$V$62)/($V$61-$V$62))*($V$65-$V$64) -> #DIV/0! | X22: =(G22*0.5)+(H22*0.15)+(U22*0.1)+(W22*0.25) -> #DIV/0!
A23: 14 | B23: 222301015 | C23: SALMA RAHMITA | E23: √ | F23: ACP | G23: 77 | H23: 77 | I23: 0 | J23: 81 | K23: 70 | L23: =AVERAGE(J23:K23) -> 75.5 | M23: =$N$64+((N23-$N$62)/($N$61-$N$62))*($N$65-$N$64) -> 83.254386 | N23: =(0.1*G23)+(0.5*H23)+(0.15*I23)+(0.25*L23) -> 65.075 | P23: =I23 -> 0 | Q23: 0 | R23: =$S$64+((S23-$S$62)/($S$61-$S$62))*($S$65-$S$64) -> 83.013913 | S23: =(0.1*G23)+(0.5*H23)+(0.15*P23)+(0.25*Q23) -> 46.2 | U23: 0 | V23: 0 | W23: =$V$64+((V23-$V$62)/($V$61-$V$62))*($V$65-$V$64) -> #DIV/0! | X23: =(G23*0.5)+(H23*0.15)+(U23*0.1)+(W23*0.25) -> #DIV/0!
A24: 15 | B24: 222301017 | C24: ANISA LEGINA PUTRI | E24: √ | F24: RPL | G24: 83 | H24: 12 | I24: 78 | J24: 83 | K24: 82 | L24: =AVERAGE(J24:K24) -> 82.5 | M24: =$N$64+((N24-$N$62)/($N$61-$N$62))*($N$65-$N$64) -> 80.017544 | N24: =(0.1*G24)+(0.5*H24)+(0.15*I24)+(0.25*L24) -> 46.625 | P24: =I24 -> 78 | Q24: 0 | R24: =$S$64+((S24-$S$62)/($S$61-$S$62))*($S$65-$S$64) -> 78.798261 | S24: =(0.1*G24)+(0.5*H24)+(0.15*P24)+(0.25*Q24) -> 26 | U24: 0 | V24: 0 | W24: =$V$64+((V24-$V$62)/($V$61-$V$62))*($V$65-$V$64) -> #DIV/0! | X24: =(G24*0.5)+(H24*0.15)+(U24*0.1)+(W24*0.25) -> #DIV/0!
A25: 16 | B25: 222301018 | C25: ASIH | E25: √ | F25: RPL | G25: 83 | H25: 35 | I25: 20 | J25: 81 | K25: 88 | L25: =AVERAGE(J25:K25) -> 84.5 | M25: =$N$64+((N25-$N$62)/($N$61-$N$62))*($N$65-$N$64) -> 80.596491 | N25: =(0.1*G25)+(0.5*H25)+(0.15*I25)+(0.25*L25) -> 49.925 | P25: =I25 -> 20 | Q25: 0 | R25: =$S$64+((S25-$S$62)/($S$61-$S$62))*($S$65-$S$64) -> 79.382609 | S25: =(0.1*G25)+(0.5*H25)+(0.15*P25)+(0.25*Q25) -> 28.8 | U25: 0 | V25: 0 | W25: =$V$64+((V25-$V$62)/($V$61-$V$62))*($V$65-$V$64) -> #DIV/0! | X25: =(G25*0.5)+(H25*0.15)+(U25*0.1)+(W25*0.25) -> #DIV/0!
A26: 17 | B26: 222301019 | C26: DESVITA AWALIADI | E26: √ | F26: RPL | G26: 83 | H26: 62 | I26: 60 | J26: 79 | K26: 81 | L26: =AVERAGE(J26:K26) -> 80 | M26: =$N$64+((N26-$N$62)/($N$61-$N$62))*($N$65-$N$64) -> 83.820175 | N26: =(0.1*G26)+(0.5*H26)+(0.15*I26)+(0.25*L26) -> 68.3 | P26: =I26 -> 60 | Q26: 0 | R26: =$S$64+((S26-$S$62)/($S$61-$S$62))*($S$65-$S$64) -> 83.452174 | S26: =(0.1*G26)+(0.5*H26)+(0.15*P26)+(0.25*Q26) -> 48.3 | U26: 0 | V26: 0 | W26: =$V$64+((V26-$V$62)/($V$61-$V$62))*($V$65-$V$64) -> #DIV/0! | X26: =(G26*0.5)+(H26*0.15)+(U26*0.1)+(W26*0.25) -> #DIV/0!
A27: 18 | B27: 222301020 | C27: DIMAS ADITYA WIJAYA | D27: √ | F27: RPL | G27: 79 | H27: 39 | I27: 25 | J27: 79 | K27: 85 | L27: =AVERAGE(J27:K27) -> 82 | M27: =$N$64+((N27-$N$62)/($N$61-$N$62))*($N$65-$N$64) -> 80.899123 | N27: =(0.1*G27)+(0.5*H27)+(0.15*I27)+(0.25*L27) -> 51.65 | P27: =I27 -> 25 | Q27: 0 | R27: =$S$64+((S27-$S$62)/($S$61-$S$62))*($S$65-$S$64) -> 79.873043 | S27: =(0.1*G27)+(0.5*H27)+(0.15*P27)+(0.25*Q27) -> 31.15 | U27: 0 | V27: 0 | W27: =$V$64+((V27-$V$62)/($V$61-$V$62))*($V$65-$V$64) -> #DIV/0! | X27: =(G27*0.5)+(H27*0.15)+(U27*0.1)+(W27*0.25) -> #DIV/0! | AB27: SENIN
A28: 19 | B28: 222301021 | C28: DIMAS MAULANA | D28: √ | F28: RPL | G28: 83 | H28: 23 | I28: 42 | J28: 81 | K28: 0 | L28: =AVERAGE(J28:K28) -> 40.5 | M28: =$N$64+((N28-$N$62)/($N$61-$N$62))*($N$65-$N$64) -> 78.192982 | N28: =(0.1*G28)+(0.5*H28)+(0.15*I28)+(0.25*L28) -> 36.225 | P28: =I28 -> 42 | Q28: 0 | R28: =$S$64+((S28-$S$62)/($S$61-$S$62))*($S$65-$S$64) -> 78.81913 | S28: =(0.1*G28)+(0.5*H28)+(0.15*P28)+(0.25*Q28) -> 26.1 | U28: 0 | V28: 0 | W28: =$V$64+((V28-$V$62)/($V$61-$V$62))*($V$65-$V$64) -> #DIV/0! | X28: =(G28*0.5)+(H28*0.15)+(U28*0.1)+(W28*0.25) -> #DIV/0!
A29: 20 | B29: 222301023 | C29: FARHAN AZIZI | D29: √ | F29: RPL | G29: 83 | H29: 35 | I29: 36 | J29: 67 | K29: 82 | L29: =AVERAGE(J29:K29) -> 74.5 | M29: =$N$64+((N29-$N$62)/($N$61-$N$62))*($N$65-$N$64) -> 80.578947 | N29: =(0.1*G29)+(0.5*H29)+(0.15*I29)+(0.25*L29) -> 49.825 | P29: =I29 -> 36 | Q29: 0 | R29: =$S$64+((S29-$S$62)/($S$61-$S$62))*($S$65-$S$64) -> 79.883478 | S29: =(0.1*G29)+(0.5*H29)+(0.15*P29)+(0.25*Q29) -> 31.2 | U29: 0 | V29: 0 | W29: =$V$64+((V29-$V$62)/($V$61-$V$62))*($V$65-$V$64) -> #DIV/0! | X29: =(G29*0.5)+(H29*0.15)+(U29*0.1)+(W29*0.25) -> #DIV/0!
A30: 21 | B30: 222301024 | C30: HIJKIL HAIKAL | D30: √ | F30: RPL | G30: 78 | H30: 0 | I30: 0 | J30: 83 | K30: 0 | L30: =AVERAGE(J30:K30) -> 41.5 | M30: =$N$64+((N30-$N$62)/($N$61-$N$62))*($N$65-$N$64) -> 75.026316 | N30: =(0.1*G30)+(0.5*H30)+(0.15*I30)+(0.25*L30) -> 18.175 | P30: =I30 -> 0 | Q30: 0 | R30: =$S$64+((S30-$S$62)/($S$61-$S$62))*($S$65-$S$64) -> 75 | S30: =(0.1*G30)+(0.5*H30)+(0.15*P30)+(0.25*Q30) -> 7.8 | U30: 0 | V30: 0 | W30: =$V$64+((V30-$V$62)/($V$61-$V$62))*($V$65-$V$64) -> #DIV/0! | X30: =(G30*0.5)+(H30*0.15)+(U30*0.1)+(W30*0.25) -> #DIV/0!
A31: 22 | B31: 222301025 | C31: INDRI OKTAPIANI | E31: √ | F31: RPL | G31: 83 | H31: 24 | I31: 72 | J31: 79 | K31: 85 | L31: =AVERAGE(J31:K31) -> 82 | M31: =$N$64+((N31-$N$62)/($N$61-$N$62))*($N$65-$N$64) -> 80.890351 | N31: =(0.1*G31)+(0.5*H31)+(0.15*I31)+(0.25*L31) -> 51.6 | P31: =I31 -> 72 | Q31: 0 | R31: =$S$64+((S31-$S$62)/($S$61-$S$62))*($S$65-$S$64) -> 79.862609 | S31: =(0.1*G31)+(0.5*H31)+(0.15*P31)+(0.25*Q31) -> 31.1 | U31: 0 | V31: 0 | W31: =$V$64+((V31-$V$62)/($V$61-$V$62))*($V$65-$V$64) -> #DIV/0! | X31: =(G31*0.5)+(H31*0.15)+(U31*0.1)+(W31*0.25) -> #DIV/0!
A32: 23 | B32: 222301026 | C32: JIBRIEL ABDILLAH | D32: √ | F32: RPL | G32: 83 | H32: 91 | I32: 48 | J32: 77 | K32: 88 | L32: =AVERAGE(J32:K32) -> 82.5 | M32: =$N$64+((N32-$N$62)/($N$61-$N$62))*($N$65-$N$64) -> 86.157895 | N32: =(0.1*G32)+(0.5*H32)+(0.15*I32)+(0.25*L32) -> 81.625 | P32: =I32 -> 48 | Q32: 0 | R32: =$S$64+((S32-$S$62)/($S$61-$S$62))*($S$65-$S$64) -> 86.102609 | S32: =(0.1*G32)+(0.5*H32)+(0.15*P32)+(0.25*Q32) -> 61 | U32: 0 | V32: 0 | W32: =$V$64+((V32-$V$62)/($V$61-$V$62))*($V$65-$V$64) -> #DIV/0! | X32: =(G32*0.5)+(H32*0.15)+(U32*0.1)+(W32*0.25) -> #DIV/0! | AC32: SENIN
A33: 24 | B33: 222301027 | C33: KESIT TRIAS CHANDRA WIGUNA | D33: √ | F33: RPL | G33: 83 | H33: 53 | I33: 54 | J33: 79 | K33: 88 | L33: =AVERAGE(J33:K33) -> 83.5 | M33: =$N$64+((N33-$N$62)/($N$61-$N$62))*($N$65-$N$64) -> 83.026316 | N33: =(0.1*G33)+(0.5*H33)+(0.15*I33)+(0.25*L33) -> 63.775 | P33: =I33 -> 54 | Q33: 0 | R33: =$S$64+((S33-$S$62)/($S$61-$S$62))*($S$65-$S$64) -> 82.325217 | S33: =(0.1*G33)+(0.5*H33)+(0.15*P33)+(0.25*Q33) -> 42.9 | U33: 0 | V33: 0 | W33: =$V$64+((V33-$V$62)/($V$61-$V$62))*($V$65-$V$64) -> #DIV/0! | X33: =(G33*0.5)+(H33*0.15)+(U33*0.1)+(W33*0.25) -> #DIV/0!
A34: 25 | B34: 222301028 | C34: LENTI FATMAWATI | E34: √ | F34: RPL | G34: 83 | H34: 13 | I34: 78 | J34: 81 | K34: 88 | L34: =AVERAGE(J34:K34) -> 84.5 | M34: =$N$64+((N34-$N$62)/($N$61-$N$62))*($N$65-$N$64) -> 80.192982 | N34: =(0.1*G34)+(0.5*H34)+(0.15*I34)+(0.25*L34) -> 47.625 | P34: =I34 -> 78 | Q34: 0 | R34: =$S$64+((S34-$S$62)/($S$61-$S$62))*($S$65-$S$64) -> 78.902609 | S34: =(0.1*G34)+(0.5*H34)+(0.15*P34)+(0.25*Q34) -> 26.5 | U34: 0 | V34: 0 | W34: =$V$64+((V34-$V$62)/($V$61-$V$62))*($V$65-$V$64) -> #DIV/0! | X34: =(G34*0.5)+(H34*0.15)+(U34*0.1)+(W34*0.25) -> #DIV/0!
A35: 26 | B35: 222301029 | C35: MARSHA AMIRA ZAHRA | E35: √ | F35: RPL | G35: 83 | H35: 34 | I35: 48 | J35: 81 | K35: 78 | L35: =AVERAGE(J35:K35) -> 79.5 | M35: =$N$64+((N35-$N$62)/($N$61-$N$62))*($N$65-$N$64) -> 81.026316 | N35: =(0.1*G35)+(0.5*H35)+(0.15*I35)+(0.25*L35) -> 52.375 | P35: =I35 -> 48 | Q35: 0 | R35: =$S$64+((S35-$S$62)/($S$61-$S$62))*($S$65-$S$64) -> 80.154783 | S35: =(0.1*G35)+(0.5*H35)+(0.15*P35)+(0.25*Q35) -> 32.5 | U35: 0 | V35: 0 | W35: =$V$64+((V35-$V$62)/($V$61-$V$62))*($V$65-$V$64) -> #DIV/0! | X35: =(G35*0.5)+(H35*0.15)+(U35*0.1)+(W35*0.25) -> #DIV/0!
A36: 27 | B36: 222301031 | C36: MUHAMAD BAYU ROJUDIN | D36: √ | F36: RPL | G36: 77 | H36: 10 | I36: 36 | J36: 0 | K36: 70 | L36: =AVERAGE(J36:K36) -> 35 | M36: =$N$64+((N36-$N$62)/($N$61-$N$62))*($N$65-$N$64) -> 76.548246 | N36: =(0.1*G36)+(0.5*H36)+(0.15*I36)+(0.25*L36) -> 26.85 | P36: =I36 -> 36 | Q36: 0 | R36: =$S$64+((S36-$S$62)/($S$61-$S$62))*($S$65-$S$64) -> 77.149565 | S36: =(0.1*G36)+(0.5*H36)+(0.15*P36)+(0.25*Q36) -> 18.1 | U36: 0 | V36: 0 | W36: =$V$64+((V36-$V$62)/($V$61-$V$62))*($V$65-$V$64) -> #DIV/0! | X36: =(G36*0.5)+(H36*0.15)+(U36*0.1)+(W36*0.25) -> #DIV/0!
A37: 28 | B37: 222301032 | C37: MUHAMMAD ALFARIZKI | D37: √ | F37: RPL | G37: 77 | H37: 24 | I37: 42 | J37: 0 | K37: 88 | L37: =AVERAGE(J37:K37) -> 44 | M37: =$N$64+((N37-$N$62)/($N$61-$N$62))*($N$65-$N$64) -> 78.328947 | N37: =(0.1*G37)+(0.5*H37)+(0.15*I37)+(0.25*L37) -> 37 | P37: =I37 -> 42 | Q37: 0 | R37: =$S$64+((S37-$S$62)/($S$61-$S$62))*($S$65-$S$64) -> 78.798261 | S37: =(0.1*G37)+(0.5*H37)+(0.15*P37)+(0.25*Q37) -> 26 | U37: 0 | V37: 0 | W37: =$V$64+((V37-$V$62)/($V$61-$V$62))*($V$65-$V$64) -> #DIV/0! | X37: =(G37*0.5)+(H37*0.15)+(U37*0.1)+(W37*0.25) -> #DIV/0!
A38: 29 | B38: 222301033 | C38: MUHAMMAD FAHMI IRAWAN | D38: √ | F38: RPL | G38: 83 | H38: 34 | I38: 42 | J38: 83 | K38: 0 | L38: =AVERAGE(J38:K38) -> 41.5 | M38: =$N$64+((N38-$N$62)/($N$61-$N$62))*($N$65-$N$64) -> 79.201754 | N38: =(0.1*G38)+(0.5*H38)+(0.15*I38)+(0.25*L38) -> 41.975 | P38: =I38 -> 42 | Q38: 0 | R38: =$S$64+((S38-$S$62)/($S$61-$S$62))*($S$65-$S$64) -> 79.966957 | S38: =(0.1*G38)+(0.5*H38)+(0.15*P38)+(0.25*Q38) -> 31.6 | U38: 0 | V38: 0 | W38: =$V$64+((V38-$V$62)/($V$61-$V$62))*($V$65-$V$64) -> #DIV/0! | X38: =(G38*0.5)+(H38*0.15)+(U38*0.1)+(W38*0.25) -> #DIV/0!
A39: 30 | B39: 222301035 | C39: NENG MELA MELYANI | E39: √ | F39: RPL | G39: 83 | H39: 24 | I39: 18 | J39: 79 | K39: 85 | L39: =AVERAGE(J39:K39) -> 82 | M39: =$N$64+((N39-$N$62)/($N$61-$N$62))*($N$65-$N$64) -> 79.469298 | N39: =(0.1*G39)+(0.5*H39)+(0.15*I39)+(0.25*L39) -> 43.5 | P39: =I39 -> 18 | Q39: 0 | R39: =$S$64+((S39-$S$62)/($S$61-$S$62))*($S$65-$S$64) -> 78.172174 | S39: =(0.1*G39)+(0.5*H39)+(0.15*P39)+(0.25*Q39) -> 23 | U39: 0 | V39: 0 | W39: =$V$64+((V39-$V$62)/($V$61-$V$62))*($V$65-$V$64) -> #DIV/0! | X39: =(G39*0.5)+(H39*0.15)+(U39*0.1)+(W39*0.25) -> #DIV/0!
A40: 31 | B40: 222301036 | C40: NURYANA | D40: √ | F40: RPL | G40: 83 | H40: 23 | I40: 24 | J40: 49 | K40: 79 | L40: =AVERAGE(J40:K40) -> 64 | M40: =$N$64+((N40-$N$62)/($N$61-$N$62))*($N$65-$N$64) -> 78.75 | N40: =(0.1*G40)+(0.5*H40)+(0.15*I40)+(0.25*L40) -> 39.4 | P40: =I40 -> 24 | Q40: 0 | R40: =$S$64+((S40-$S$62)/($S$61-$S$62))*($S$65-$S$64) -> 78.255652 | S40: =(0.1*G40)+(0.5*H40)+(0.15*P40)+(0.25*Q40) -> 23.4 | U40: 0 | V40: 0 | W40: =$V$64+((V40-$V$62)/($V$61-$V$62))*($V$65-$V$64) -> #DIV/0! | X40: =(G40*0.5)+(H40*0.15)+(U40*0.1)+(W40*0.25) -> #DIV/0!
A41: 32 | B41: 222301037 | C41: PUTRI FIRYAL | E41: √ | F41: RPL | G41: 79 | H41: 46 | I41: 42 | J41: 79 | K41: 85 | L41: =AVERAGE(J41:K41) -> 82 | M41: =$N$64+((N41-$N$62)/($N$61-$N$62))*($N$65-$N$64) -> 81.960526 | N41: =(0.1*G41)+(0.5*H41)+(0.15*I41)+(0.25*L41) -> 57.7 | P41: =I41 -> 42 | Q41: 0 | R41: =$S$64+((S41-$S$62)/($S$61-$S$62))*($S$65-$S$64) -> 81.135652 | S41: =(0.1*G41)+(0.5*H41)+(0.15*P41)+(0.25*Q41) -> 37.2 | U41: 0 | V41: 0 | W41: =$V$64+((V41-$V$62)/($V$61-$V$62))*($V$65-$V$64) -> #DIV/0! | X41: =(G41*0.5)+(H41*0.15)+(U41*0.1)+(W41*0.25) -> #DIV/0!
A42: 33 | B42: 222301038 | C42: PUTRI ZASKIA RAMADANI | E42: √ | F42: RPL | G42: 83 | H42: 46 | I42: 60 | J42: 53 | K42: 80 | L42: =AVERAGE(J42:K42) -> 66.5 | M42: =$N$64+((N42-$N$62)/($N$61-$N$62))*($N$65-$N$64) -> 81.824561 | N42: =(0.1*G42)+(0.5*H42)+(0.15*I42)+(0.25*L42) -> 56.925 | P42: =I42 -> 60 | Q42: 0 | R42: =$S$64+((S42-$S$62)/($S$61-$S$62))*($S$65-$S$64) -> 81.782609 | S42: =(0.1*G42)+(0.5*H42)+(0.15*P42)+(0.25*Q42) -> 40.3 | U42: 0 | V42: 0 | W42: =$V$64+((V42-$V$62)/($V$61-$V$62))*($V$65-$V$64) -> #DIV/0! | X42: =(G42*0.5)+(H42*0.15)+(U42*0.1)+(W42*0.25) -> #DIV/0!
A43: 34 | B43: 222301039 | C43: RAHDIATULLAH | D43: √ | F43: RPL | G43: 83 | H43: 23 | I43: 42 | J43: 81 | K43: 88 | L43: =AVERAGE(J43:K43) -> 84.5 | M43: =$N$64+((N43-$N$62)/($N$61-$N$62))*($N$65-$N$64) -> 80.122807 | N43: =(0.1*G43)+(0.5*H43)+(0.15*I43)+(0.25*L43) -> 47.225 | P43: =I43 -> 42 | Q43: 0 | R43: =$S$64+((S43-$S$62)/($S$61-$S$62))*($S$65-$S$64) -> 78.81913 | S43: =(0.1*G43)+(0.5*H43)+(0.15*P43)+(0.25*Q43) -> 26.1 | U43: 0 | V43: 0 | W43: =$V$64+((V43-$V$62)/($V$61-$V$62))*($V$65-$V$64) -> #DIV/0! | X43: =(G43*0.5)+(H43*0.15)+(U43*0.1)+(W43*0.25) -> #DIV/0!
A44: 35 | B44: 222301040 | C44: RATU MONIKA | E44: √ | F44: RPL | G44: 83 | H44: 46 | I44: 48 | J44: 79 | K44: 85 | L44: =AVERAGE(J44:K44) -> 82 | M44: =$N$64+((N44-$N$62)/($N$61-$N$62))*($N$65-$N$64) -> 82.188596 | N44: =(0.1*G44)+(0.5*H44)+(0.15*I44)+(0.25*L44) -> 59 | P44: =I44 -> 48 | Q44: 0 | R44: =$S$64+((S44-$S$62)/($S$61-$S$62))*($S$65-$S$64) -> 81.406957 | S44: =(0.1*G44)+(0.5*H44)+(0.15*P44)+(0.25*Q44) -> 38.5 | U44: 0 | V44: 0 | W44: =$V$64+((V44-$V$62)/($V$61-$V$62))*($V$65-$V$64) -> #DIV/0! | X44: =(G44*0.5)+(H44*0.15)+(U44*0.1)+(W44*0.25) -> #DIV/0!
A45: 36 | B45: 222301041 | C45: REANA ESTIANTI | E45: √ | F45: RPL | G45: 83 | H45: 61 | I45: 48 | J45: 81 | K45: 89 | L45: =AVERAGE(J45:K45) -> 85 | M45: =$N$64+((N45-$N$62)/($N$61-$N$62))*($N$65-$N$64) -> 83.635965 | N45: =(0.1*G45)+(0.5*H45)+(0.15*I45)+(0.25*L45) -> 67.25 | P45: =I45 -> 48 | Q45: 0 | R45: =$S$64+((S45-$S$62)/($S$61-$S$62))*($S$65-$S$64) -> 82.972174 | S45: =(0.1*G45)+(0.5*H45)+(0.15*P45)+(0.25*Q45) -> 46 | U45: 0 | V45: 0 | W45: =$V$64+((V45-$V$62)/($V$61-$V$62))*($V$65-$V$64) -> #DIV/0! | X45: =(G45*0.5)+(H45*0.15)+(U45*0.1)+(W45*0.25) -> #DIV/0!
A46: 37 | B46: 222301042 | C46: REGI AHMAD ALFARIZI | D46: √ | F46: RPL | G46: 79 | H46: 0 | I46: 0 | J46: 81 | K46: 0 | L46: =AVERAGE(J46:K46) -> 40.5 | M46: =$N$64+((N46-$N$62)/($N$61-$N$62))*($N$65-$N$64) -> 75 | N46: =(0.1*G46)+(0.5*H46)+(0.15*I46)+(0.25*L46) -> 18.025 | P46: =I46 -> 0 | Q46: 0 | R46: =$S$64+((S46-$S$62)/($S$61-$S$62))*($S$65-$S$64) -> 75.02087 | S46: =(0.1*G46)+(0.5*H46)+(0.15*P46)+(0.25*Q46) -> 7.9 | U46: 0 | V46: 0 | W46: =$V$64+((V46-$V$62)/($V$61-$V$62))*($V$65-$V$64) -> #DIV/0! | X46: =(G46*0.5)+(H46*0.15)+(U46*0.1)+(W46*0.25) -> #DIV/0!
A47: 38 | B47: 222301043 | C47: RIKA | E47: √ | F47: RPL | G47: 83 | H47: 48 | I47: 48 | J47: 75 | K47: 88 | L47: =AVERAGE(J47:K47) -> 81.5 | M47: =$N$64+((N47-$N$62)/($N$61-$N$62))*($N$65-$N$64) -> 82.342105 | N47: =(0.1*G47)+(0.5*H47)+(0.15*I47)+(0.25*L47) -> 59.875 | P47: =I47 -> 48 | Q47: 0 | R47: =$S$64+((S47-$S$62)/($S$61-$S$62))*($S$65-$S$64) -> 81.615652 | S47: =(0.1*G47)+(0.5*H47)+(0.15*P47)+(0.25*Q47) -> 39.5 | U47: 0 | V47: 0 | W47: =$V$64+((V47-$V$62)/($V$61-$V$62))*($V$65-$V$64) -> #DIV/0! | X47: =(G47*0.5)+(H47*0.15)+(U47*0.1)+(W47*0.25) -> #DIV/0!
A48: 39 | B48: 222301044 | C48: RIZKI RAMADAN | D48: √ | F48: RPL | G48: 79 | H48: 36 | I48: 42 | J48: 79 | K48: 88 | L48: =AVERAGE(J48:K48) -> 83.5 | M48: =$N$64+((N48-$N$62)/($N$61-$N$62))*($N$65-$N$64) -> 81.149123 | N48: =(0.1*G48)+(0.5*H48)+(0.15*I48)+(0.25*L48) -> 53.075 | P48: =I48 -> 42 | Q48: 0 | R48: =$S$64+((S48-$S$62)/($S$61-$S$62))*($S$65-$S$64) -> 80.092174 | S48: =(0.1*G48)+(0.5*H48)+(0.15*P48)+(0.25*Q48) -> 32.2 | U48: 0 | V48: 0 | W48: =$V$64+((V48-$V$62)/($V$61-$V$62))*($V$65-$V$64) -> #DIV/0! | X48: =(G48*0.5)+(H48*0.15)+(U48*0.1)+(W48*0.25) -> #DIV/0!
A49: 40 | B49: 222301045 | C49: ROSIYANA PUTRI | E49: √ | F49: RPL | G49: 83 | H49: 24 | I49: 72 | J49: 73 | K49: 88 | L49: =AVERAGE(J49:K49) -> 80.5 | M49: =$N$64+((N49-$N$62)/($N$61-$N$62))*($N$65-$N$64) -> 80.824561 | N49: =(0.1*G49)+(0.5*H49)+(0.15*I49)+(0.25*L49) -> 51.225 | P49: =I49 -> 72 | Q49: 0 | R49: =$S$64+((S49-$S$62)/($S$61-$S$62))*($S$65-$S$64) -> 79.862609 | S49: =(0.1*G49)+(0.5*H49)+(0.15*P49)+(0.25*Q49) -> 31.1 | U49: 0 | V49: 0 | W49: =$V$64+((V49-$V$62)/($V$61-$V$62))*($V$65-$V$64) -> #DIV/0! | X49: =(G49*0.5)+(H49*0.15)+(U49*0.1)+(W49*0.25) -> #DIV/0!
A50: 41 | B50: 222301046 | C50: RUCITA INTAN RATU | E50: √ | F50: RPL | G50: 83 | H50: 36 | I50: 78 | J50: 81 | K50: 84 | L50: =AVERAGE(J50:K50) -> 82.5 | M50: =$N$64+((N50-$N$62)/($N$61-$N$62))*($N$65-$N$64) -> 82.122807 | N50: =(0.1*G50)+(0.5*H50)+(0.15*I50)+(0.25*L50) -> 58.625 | P50: =I50 -> 78 | Q50: 0 | R50: =$S$64+((S50-$S$62)/($S$61-$S$62))*($S$65-$S$64) -> 81.302609 | S50: =(0.1*G50)+(0.5*H50)+(0.15*P50)+(0.25*Q50) -> 38 | U50: 0 | V50: 0 | W50: =$V$64+((V50-$V$62)/($V$61-$V$62))*($V$65-$V$64) -> #DIV/0! | X50: =(G50*0.5)+(H50*0.15)+(U50*0.1)+(W50*0.25) -> #DIV/0!
A51: 42 | B51: 222301047 | C51: SEPIN ARDIANA | D51: √ | F51: RPL | G51: 79 | H51: 35 | I51: 60 | J51: 81 | K51: 80 | L51: =AVERAGE(J51:K51) -> 80.5 | M51: =$N$64+((N51-$N$62)/($N$61-$N$62))*($N$65-$N$64) -> 81.403509 | N51: =(0.1*G51)+(0.5*H51)+(0.15*I51)+(0.25*L51) -> 54.525 | P51: =I51 -> 60 | Q51: 0 | R51: =$S$64+((S51-$S$62)/($S$61-$S$62))*($S$65-$S$64) -> 80.551304 | S51: =(0.1*G51)+(0.5*H51)+(0.15*P51)+(0.25*Q51) -> 34.4 | U51: 0 | V51: 0 | W51: =$V$64+((V51-$V$62)/($V$61-$V$62))*($V$65-$V$64) -> #DIV/0! | X51: =(G51*0.5)+(H51*0.15)+(U51*0.1)+(W51*0.25) -> #DIV/0!
A52: 43 | B52: 222301048 | C52: SERA | E52: √ | F52: RPL | G52: 83 | H52: 23 | I52: 25 | J52: 75 | K52: 80 | L52: =AVERAGE(J52:K52) -> 77.5 | M52: =$N$64+((N52-$N$62)/($N$61-$N$62))*($N$65-$N$64) -> 79.368421 | N52: =(0.1*G52)+(0.5*H52)+(0.15*I52)+(0.25*L52) -> 42.925 | P52: =I52 -> 25 | Q52: 0 | R52: =$S$64+((S52-$S$62)/($S$61-$S$62))*($S$65-$S$64) -> 78.286957 | S52: =(0.1*G52)+(0.5*H52)+(0.15*P52)+(0.25*Q52) -> 23.55 | U52: 0 | V52: 0 | W52: =$V$64+((V52-$V$62)/($V$61-$V$62))*($V$65-$V$64) -> #DIV/0! | X52: =(G52*0.5)+(H52*0.15)+(U52*0.1)+(W52*0.25) -> #DIV/0!
A53: 44 | B53: 222301049 | C53: SERA SINTIA PUTRI | E53: √ | F53: RPL | G53: 83 | H53: 22 | I53: 36 | J53: 47 | K53: 80 | L53: =AVERAGE(J53:K53) -> 63.5 | M53: =$N$64+((N53-$N$62)/($N$61-$N$62))*($N$65-$N$64) -> 78.95614 | N53: =(0.1*G53)+(0.5*H53)+(0.15*I53)+(0.25*L53) -> 40.575 | P53: =I53 -> 36 | Q53: 0 | R53: =$S$64+((S53-$S$62)/($S$61-$S$62))*($S$65-$S$64) -> 78.526957 | S53: =(0.1*G53)+(0.5*H53)+(0.15*P53)+(0.25*Q53) -> 24.7 | U53: 0 | V53: 0 | W53: =$V$64+((V53-$V$62)/($V$61-$V$62))*($V$65-$V$64) -> #DIV/0! | X53: =(G53*0.5)+(H53*0.15)+(U53*0.1)+(W53*0.25) -> #DIV/0!
A54: 45 | B54: 222301050 | C54: SITI HOLILAH | E54: √ | F54: RPL | G54: 83 | H54: 22 | I54: 42 | J54: 83 | K54: 80 | L54: =AVERAGE(J54:K54) -> 81.5 | M54: =$N$64+((N54-$N$62)/($N$61-$N$62))*($N$65-$N$64) -> 79.903509 | N54: =(0.1*G54)+(0.5*H54)+(0.15*I54)+(0.25*L54) -> 45.975 | P54: =I54 -> 42 | Q54: 0 | R54: =$S$64+((S54-$S$62)/($S$61-$S$62))*($S$65-$S$64) -> 78.714783 | S54: =(0.1*G54)+(0.5*H54)+(0.15*P54)+(0.25*Q54) -> 25.6 | U54: 0 | V54: 0 | W54: =$V$64+((V54-$V$62)/($V$61-$V$62))*($V$65-$V$64) -> #DIV/0! | X54: =(G54*0.5)+(H54*0.15)+(U54*0.1)+(W54*0.25) -> #DIV/0!
A55: 46 | B55: 222301051 | C55: SITI ROHMAH | E55: √ | F55: RPL | G55: 83 | H55: 24 | I55: 78 | J55: 77 | K55: 87 | L55: =AVERAGE(J55:K55) -> 82 | M55: =$N$64+((N55-$N$62)/($N$61-$N$62))*($N$65-$N$64) -> 81.048246 | N55: =(0.1*G55)+(0.5*H55)+(0.15*I55)+(0.25*L55) -> 52.5 | P55: =I55 -> 78 | Q55: 0 | R55: =$S$64+((S55-$S$62)/($S$61-$S$62))*($S$65-$S$64) -> 80.050435 | S55: =(0.1*G55)+(0.5*H55)+(0.15*P55)+(0.25*Q55) -> 32 | U55: 0 | V55: 0 | W55: =$V$64+((V55-$V$62)/($V$61-$V$62))*($V$65-$V$64) -> #DIV/0! | X55: =(G55*0.5)+(H55*0.15)+(U55*0.1)+(W55*0.25) -> #DIV/0!
A56: 47 | B56: 222301052 | C56: SITI SALSABILA CHALISHAH | E56: √ | F56: RPL | G56: 83 | H56: 36 | I56: 60 | J56: 81 | K56: 88 | L56: =AVERAGE(J56:K56) -> 84.5 | M56: =$N$64+((N56-$N$62)/($N$61-$N$62))*($N$65-$N$64) -> 81.736842 | N56: =(0.1*G56)+(0.5*H56)+(0.15*I56)+(0.25*L56) -> 56.425 | P56: =I56 -> 60 | Q56: 0 | R56: =$S$64+((S56-$S$62)/($S$61-$S$62))*($S$65-$S$64) -> 80.73913 | S56: =(0.1*G56)+(0.5*H56)+(0.15*P56)+(0.25*Q56) -> 35.3 | U56: 0 | V56: 0 | W56: =$V$64+((V56-$V$62)/($V$61-$V$62))*($V$65-$V$64) -> #DIV/0! | X56: =(G56*0.5)+(H56*0.15)+(U56*0.1)+(W56*0.25) -> #DIV/0!
A57: 48 | B57: 222301053 | C57: WILDAN AULIYA MU'MIN | D57: √ | F57: RPL | G57: 83 | H57: 13 | I57: 48 | J57: 79 | K57: 85 | L57: =AVERAGE(J57:K57) -> 82 | M57: =$N$64+((N57-$N$62)/($N$61-$N$62))*($N$65-$N$64) -> 79.29386 | N57: =(0.1*G57)+(0.5*H57)+(0.15*I57)+(0.25*L57) -> 42.5 | P57: =I57 -> 48 | Q57: 0 | R57: =$S$64+((S57-$S$62)/($S$61-$S$62))*($S$65-$S$64) -> 77.963478 | S57: =(0.1*G57)+(0.5*H57)+(0.15*P57)+(0.25*Q57) -> 22 | U57: 0 | V57: 0 | W57: =$V$64+((V57-$V$62)/($V$61-$V$62))*($V$65-$V$64) -> #DIV/0! | X57: =(G57*0.5)+(H57*0.15)+(U57*0.1)+(W57*0.25) -> #DIV/0!
A58: 49 | B58: 222301054 | C58: YOGI SEPTIAN | D58: √ | F58: RPL | G58: 83 | H58: 35 | I58: 30 | J58: 81 | K58: 85 | L58: =AVERAGE(J58:K58) -> 83 | M58: =$N$64+((N58-$N$62)/($N$61-$N$62))*($N$65-$N$64) -> 80.79386 | N58: =(0.1*G58)+(0.5*H58)+(0.15*I58)+(0.25*L58) -> 51.05 | P58: =I58 -> 30 | Q58: 0 | R58: =$S$64+((S58-$S$62)/($S$61-$S$62))*($S$65-$S$64) -> 79.695652 | S58: =(0.1*G58)+(0.5*H58)+(0.15*P58)+(0.25*Q58) -> 30.3 | U58: 0 | V58: 0 | W58: =$V$64+((V58-$V$62)/($V$61-$V$62))*($V$65-$V$64) -> #DIV/0! | X58: =(G58*0.5)+(H58*0.15)+(U58*0.1)+(W58*0.25) -> #DIV/0!
A59: 50 | B59: 222301056 | C59: ZIYAD CAHYADI | D59: √ | F59: RPL | G59: 78 | H59: 24 | I59: 40 | J59: 81 | K59: 88 | L59: =AVERAGE(J59:K59) -> 84.5 | M59: =$N$64+((N59-$N$62)/($N$61-$N$62))*($N$65-$N$64) -> 80.070175 | N59: =(0.1*G59)+(0.5*H59)+(0.15*I59)+(0.25*L59) -> 46.925 | P59: =I59 -> 40 | Q59: 0 | R59: =$S$64+((S59-$S$62)/($S$61-$S$62))*($S$65-$S$64) -> 78.756522 | S59: =(0.1*G59)+(0.5*H59)+(0.15*P59)+(0.25*Q59) -> 25.8 | U59: 0 | V59: 0 | W59: =$V$64+((V59-$V$62)/($V$61-$V$62))*($V$65-$V$64) -> #DIV/0! | X59: =(G59*0.5)+(H59*0.15)+(U59*0.1)+(W59*0.25) -> #DIV/0!
D60: Rata-rata | G60: =AVERAGE(G10:G59) -> 81.2 | H60: =AVERAGE(H10:H59) -> 45.72 | I60: =AVERAGE(I10:I59) -> 48.74 | J60: =AVERAGE(J10:J59) -> 72.38 | K60: =AVERAGE(K10:K59) -> 76.46 | L60: =AVERAGE(L10:L59) -> 74.42 | M60: =AVERAGE(M10:M59) -> 81.819474 | N60: =AVERAGE(N10:N59) -> 56.896 | P60: =AVERAGE(P10:P59) -> 48.74 | Q60: =AVERAGE(Q10:Q59) -> 0 | R60: =AVERAGE(R10:R59) -> 81.363339 | S60: =AVERAGE(S10:S59) -> 38.291 | U60: =AVERAGE(U10:U59) -> 0 | V60: =AVERAGE(V10:V59) -> 0 | W60: =AVERAGE(W10:W59) -> #DIV/0! | X60: =AVERAGE(X10:X59) -> #DIV/0!
D61: Nilai Tertinggi | G61: =MAX(G10:G59) -> 83 | H61: =MAX(H10:H59) -> 91 | I61: =MAX(I10:I59) -> 83 | J61: =MAX(J10:J59) -> 83 | K61: =MAX(K10:K59) -> 89 | L61: =MAX(L10:L59) -> 85 | M61: =MAX(M10:M59) -> 87 | N61: =MAX(N10:N59) -> 86.425 | P61: =MAX(P10:P59) -> 83 | Q61: =MAX(Q10:Q59) -> 0 | R61: =MAX(R10:R59) -> 87 | S61: =MAX(S10:S59) -> 65.3 | U61: =MAX(U10:U59) -> 0 | V61: =MAX(V10:V59) -> 0 | W61: =MAX(W10:W59) -> #DIV/0! | X61: =MAX(X10:X59) -> #DIV/0!
D62: Nilai Terendah | G62: =MIN(G10:G59) -> 77 | H62: =MIN(H10:H59) -> 0 | I62: =MIN(I10:I59) -> 0 | J62: =MIN(J10:J59) -> 0 | K62: =MIN(K10:K59) -> 0 | L62: =MIN(L10:L59) -> 35 | M62: =MIN(M10:M59) -> 75 | N62: =MIN(N10:N59) -> 18.025 | P62: =MIN(P10:P59) -> 0 | Q62: =MIN(Q10:Q59) -> 0 | R62: =MIN(R10:R59) -> 75 | S62: =MIN(S10:S59) -> 7.8 | U62: =MIN(U10:U59) -> 0 | V62: =MIN(V10:V59) -> 0 | W62: =MIN(W10:W59) -> #DIV/0! | X62: =MIN(X10:X59) -> #DIV/0!
D63: Standar Deviasi | G63: =STDEV(G10:G59) -> 2.1189139 | H63: =STDEV(H10:H59) -> 27.573309 | I63: =STDEV(I10:I59) -> 26.643382 | J63: =STDEV(J10:J59) -> 20.020286 | K63: =STDEV(K10:K59) -> 23.26003 | L63: =STDEV(L10:L59) -> 14.844899 | M63: =STDEV(M10:M59) -> 3.0279415 | N63: =STDEV(N10:N59) -> 17.259266 | P63: =STDEV(P10:P59) -> 26.643382 | Q63: =STDEV(Q10:Q59) -> 0 | R63: =STDEV(R10:R59) -> 3.2313341 | S63: =STDEV(S10:S59) -> 15.483476 | U63: =STDEV(U10:U59) -> 0 | V63: =STDEV(V10:V59) -> 0 | W63: =STDEV(W10:W59) -> #DIV/0! | X63: =STDEV(X10:X59) -> #DIV/0!
D64: KKM | G64: 75 | H64: 75 | I64: 75 | J64: 75 | K64: 75 | L64: 75 | M64: 75 | N64: 75 | P64: 75 | Q64: 75 | R64: 75 | S64: 75 | U64: 80 | V64: 80 | W64: 80 | X64: 80
D65: Nilai MAX Terget | G65: 87 | H65: 87 | I65: 87 | J65: 87 | K65: 87 | L65: 87 | M65: 87 | N65: 87 | P65: 87 | Q65: 87 | R65: 87 | S65: 87 | U65: 95 | V65: 95 | W65: 95 | X65: 95

Sheet PERBAIKAN
A1: DATA PESERTA PERBAIKAN MATA PELAJARAN ASEP SUKANDAR
A4: Catatan : Diharap Baca Intruksi Dengan Teliti Batas Pengumpulan Tanggal : 16 Desember 2024, Pukul : 11.00 WIB
A6: NO | B6: NAMA | C6: KELAS | D6: PERBAIKAN NILAI | H6: LINK PERBAIKAN | K6: PENGUMPULAN | L6: EMAIL
A7: 1 | B7: AKBAR MAULANA | C7: X ACP | F7: PAS PRAKTIK | H7: PTS | I7: X | J7: https://drive.google.com/file/d/1xXaYKCSKix5OrXFt4Wg_vq3_OJu7PNS5/view?usp=sharing | K7: Polio dan kumpulkan ke email dengan Subjek PERBAIKAN_NAMA | L7: asep.sukandar_ti23@nusaputra.ac.id
A8: 2 | B8: FADIL ABDUL AZIZ | C8: X ACP | F8: PAS PRAKTIK | H8: PAS TEORI | J8: https://forms.gle/VkQ9jAutdyyVSrRy9 | K8: Kerjakan di Link Ini
A9: 3 | B9: RIVQI WILIAWAN | C9: X ACP | F9: PAS PRAKTIK | H9: PAS PRAKTIK | J9: https://docs.google.com/document/d/1MHeRHOzAMJEYvChLAc_uu07o8lbRcaVR/edit?usp=sharing&ouid=101016139641050089899&rtpof=true&sd=true | K9: Kumpulkan Bentuk Laporan Dokumentasi ke email dengan Subjek PERBAIKAN_NAMA
A10: 4 | B10: DAVIN ARYA PUTRA | C10: X RPL | F10: PAS PRAKTIK | H10: PTS | I10: XI | J10: https://drive.google.com/file/d/1hLlGreWXfloQwmqPWYOGHMTJaSWSFsEz/view?usp=sharing | K10: Polio dan kumpulkan ke email dengan Subjek PERBAIKAN_NAMA
A11: 5 | B11: FARIZ ALBA | C11: X RPL | F11: PAS PRAKTIK | H11: PAS TEORI | J11: https://forms.gle/bBsrjHg82jKRh68A8 | K11: Kerjakan di Link Ini
A12: 6 | B12: HAIKAL BUDIANSYAH | C12: X RPL | D12: PTS | F12: PAS PRAKTIK | H12: PAS PRAKTIK | J12: https://docs.google.com/document/d/1pPP9cElu0zwIUXlkV7aiyfEmBTsWTdRi/edit?usp=sharing&ouid=101016139641050089899&rtpof=true&sd=true | K12: Kumpulkan Bentuk Laporan Dokumentasi ke email dengan Subjek PERBAIKAN_NAMA
A13: 7 | B13: INDRIYANI FITRIYASARI | C13: X RPL | D13: PTS | H13: PTS | I13: XII | J13: https://docs.google.com/document/d/1XccgmYizPI0QG7Tyu2hWjUbcWT9xTQPi/edit?usp=sharing&ouid=101016139641050089899&rtpof=true&sd=true | K13: Polio dan kumpulkan ke email dengan Subjek PERBAIKAN_NAMA
A14: 8 | B14: JANPETER SEBASTIAN PANDIANGAN | C14: X RPL | F14: PAS PRAKTIK | H14: PAS TEORI | J14: https://forms.gle/CKHzK4cVAiwesrkw6 | K14: Kerjakan di Link Ini
A15: 9 | B15: M. RUSTANDI | C15: X RPL | D15: PTS | H15: PAS PRAKTIK | J15: https://drive.google.com/file/d/1VQUNEPxUM0mi_NE6Vb0IX9BrMnr0OfSU/view?usp=sharing | K15: Kumpulkan Bentuk Laporan Dokumentasi ke email dengan Subjek PERBAIKAN_NAMA
A16: 10 | B16: MOCH PAISAL LUTHFI | C16: X RPL | F16: PAS PRAKTIK
A17: 11 | B17: RAKA CANDRA FADILAH | C17: X RPL | E17: PAS TEORI
A18: 12 | B18: SRI RESTI RAMDAN | C18: X RPL | D18: PTS
A19: 13 | B19: CIKAL PUTRA SUBRANI | C19: XI ACP | D19: PTS | F19: PAS PRAKTIK
A20: 14 | B20: ENENG SALSA NABILA | C20: XI ACP | F20: PAS PRAKTIK
A21: 15 | B21: HERMAWAN ANGGARA | C21: XI ACP | F21: PAS PRAKTIK
A22: 16 | B22: JANNATA TSAMANIYA ARSYISTAWAA | C22: XI ACP | F22: PAS PRAKTIK
A23: 17 | B23: KURNIASANDI AUNURRAFIQ | C23: XI ACP | E23: PAS TEORI
A24: 18 | B24: REY GUSTIAWAN | C24: XI ACP | F24: PAS PRAKTIK
A25: 19 | B25: SITI HASANAH | C25: XI ACP | F25: PAS PRAKTIK
A26: 20 | B26: SURYANA | C26: XI ACP | E26: PAS TEORI | F26: PAS PRAKTIK
A27: 21 | B27: TIARA AMANDA PUTRI FATRIANA | C27: XI ACP | F27: PAS PRAKTIK
A28: 22 | B28: ABDUL HAKIM | C28: XI RPL | F28: PAS PRAKTIK
A29: 23 | B29: AGIL AL PAUJI | C29: XI RPL | D29: PTS | F29: PAS PRAKTIK
A30: 24 | B30: ALI AKBAR NUR SUBHKI | C30: XI RPL | D30: PTS
A31: 25 | B31: ARDIANSYAH | C31: XI RPL | F31: PAS PRAKTIK
A32: 26 | B32: IKHSAN ALFANDI PRATAMA | C32: XI RPL | F32: PAS PRAKTIK
A33: 27 | B33: KIREINA NARZILLA IRAWAN | C33: XI RPL | F33: PAS PRAKTIK
A34: 28 | B34: M SIDIQ | C34: XI RPL | F34: PAS PRAKTIK
A35: 29 | B35: M. RIZKI ANDIKA | C35: XI RPL | D35: PTS
A36: 30 | B36: MOCH VIRAS AL GAZALI | C36: XI RPL
A37: 31 | B37: RAKA LEANER YACOB BOOM | C37: XI RPL
A38: 32 | B38: RENDI MAULANA | C38: XI RPL | D38: PTS
A39: 33 | B39: RIAN SAPUTRA | C39: XI RPL | F39: PAS PRAKTIK
A40: 34 | B40: ADAM PRATAMA | C40: XII ACP
A41: 35 | B41: MUHAMAD SETIAJI | C41: XII ACP | D41: PTS | E41: PAS TEORI
A42: 36 | B42: PARHAN HAMDALAH | C42: XII ACP | D42: PTS
A43: 37 | B43: DIMAS MAULANA | C43: XII RPL | F43: PAS PRAKTIK
A44: 38 | B44: HIJKIL HAIKAL | C44: XII RPL | D44: PTS | F44: PAS PRAKTIK
A45: 39 | B45: MUHAMAD BAYU ROJUDIN | C45: XII RPL | E45: PAS TEORI
A46: 40 | B46: MUHAMMAD ALFARIZKI | C46: XII RPL | E46: PAS TEORI
A47: 41 | B47: MUHAMMAD FAHMI IRAWAN | C47: XII RPL | F47: PAS PRAKTIK
A48: 42 | B48: REGI AHMAD ALFARIZI | C48: XII RPL | D48: PTS | F48: PAS PRAKTIK

Sheet PENILAIAN S.1
A1: NO | B1: NIS | C1: NAMA SISWA | D1: KELAS | E1: MAPEL | V1: MAPEL
E2: DASAR - DASAR PEMROGRAMAN PERANGKAT BERGERAK & GIM | V2: ACP 1,2,3
E3: SEMESTER 1 | V3: SEMESTER 1
E4: Absensi | G4: Prjct | J4: NUH | N4: PTS | Q4: PAS | T4: N.RAPOT | V4: Absensi | X4: Prjct | AA4: NUH | AE4: PTS | AH4: PAS | AK4: N.RAPOT
A5: 1 | B5: 2 | C5: 3 | D5: 4 | F5: 11 | I5: 12 | M5: 13 | N5: M | O5: P | P5: 14 | Q5: M | R5: P | S5: 15 | T5: 16 | W5: 11 | Z5: 12 | AD5: 13 | AE5: M | AF5: P | AG5: 14 | AH5: M | AI5: P | AJ5: 15 | AK5: 16
A6: =D.SISWA!A6 -> 1 | B6: =D.SISWA!B99 -> 0 | C6: =D.SISWA!C99 -> ALDIANSAH | D6: =D.SISWA!D99 -> X ACP | E6: 1 | F6: =IF(E6>=30,"87",IF(E6>=25,"84",IF(E6>=20,"81",IF(E6>=15,"78","60")))) -> 60 | G6: 0 | H6: 0 | I6: =AVERAGE(G6:H6) -> 0 | J6: 0 | K6: 0 | L6: 0 | M6: =AVERAGE(J6:L6) -> 0 | N6: 0 | O6: 0 | P6: =AVERAGE(N6:O6) -> 0 | Q6: 0 | R6: 0 | S6: =AVERAGE(Q6:R6) -> 0 | T6: =(0.4*F6)+(0.1*I6)+(0.4*M6)+(0.05*P6)+(0.05*S6) -> 24 | V6: 1 | W6: =IF(V6>=30,"87",IF(V6>=25,"84",IF(V6>=20,"81",IF(V6>=15,"78","60")))) -> 60 | X6: 0 | Y6: 0 | Z6: =AVERAGE(X6:Y6) -> 0 | AA6: 0 | AB6: 0 | AC6: 0 | AD6: =AVERAGE(AA6:AC6) -> 0 | AE6: 0 | AF6: 0 | AG6: =AVERAGE(AE6:AF6) -> 0 | AH6: 0 | AI6: 0 | AJ6: =AVERAGE(AH6:AI6) -> 0 | AK6: =(0.4*W6)+(0.1*Z6)+(0.4*AD6)+(0.05*AG6)+(0.05*AJ6) -> 24
A7: =D.SISWA!A7 -> 2 | B7: =D.SISWA!B100 -> 0 | C7: =D.SISWA!C100 -> ALIEF SANJANI | D7: =D.SISWA!D100 -> X ACP | E7: 1 | F7: =IF(E7>=30,"87",IF(E7>=25,"84",IF(E7>=20,"81",IF(E7>=15,"78","60")))) -> 60 | I7: =AVERAGE(G7:H7) -> #DIV/0! | M7: =AVERAGE(J7:L7) -> #DIV/0! | P7: =AVERAGE(N7:O7) -> #DIV/0! | S7: =AVERAGE(Q7:R7) -> #DIV/0! | T7: =(0.4*F7)+(0.1*I7)+(0.4*M7)+(0.05*P7)+(0.05*S7) -> #DIV/0! | V7: 1 | W7: =IF(V7>=30,"87",IF(V7>=25,"84",IF(V7>=20,"81",IF(V7>=15,"78","60")))) -> 60 | Z7: =AVERAGE(X7:Y7) -> #DIV/0! | AD7: =AVERAGE(AA7:AC7) -> #DIV/0! | AG7: =AVERAGE(AE7:AF7) -> #DIV/0! | AJ7: =AVERAGE(AH7:AI7) -> #DIV/0! | AK7: =(0.4*W7)+(0.1*Z7)+(0.4*AD7)+(0.05*AG7)+(0.05*AJ7) -> #DIV/0!
A8: =D.SISWA!A8 -> 3 | B8: =D.SISWA!B101 -> 0 | C8: =D.SISWA!C101 -> CANZA YUDIA MULYA | D8: =D.SISWA!D101 -> X ACP | E8: 0 | F8: =IF(E8>=30,"87",IF(E8>=25,"84",IF(E8>=20,"81",IF(E8>=15,"78","60")))) -> 60 | I8: =AVERAGE(G8:H8) -> #DIV/0! | M8: =AVERAGE(J8:L8) -> #DIV/0! | P8: =AVERAGE(N8:O8) -> #DIV/0! | S8: =AVERAGE(Q8:R8) -> #DIV/0! | T8: =(0.4*F8)+(0.1*I8)+(0.4*M8)+(0.05*P8)+(0.05*S8) -> #DIV/0! | V8: 1 | W8: =IF(V8>=30,"87",IF(V8>=25,"84",IF(V8>=20,"81",IF(V8>=15,"78","60")))) -> 60 | Z8: =AVERAGE(X8:Y8) -> #DIV/0! | AD8: =AVERAGE(AA8:AC8) -> #DIV/0! | AG8: =AVERAGE(AE8:AF8) -> #DIV/0! | AJ8: =AVERAGE(AH8:AI8) -> #DIV/0! | AK8: =(0.4*W8)+(0.1*Z8)+(0.4*AD8)+(0.05*AG8)+(0.05*AJ8) -> #DIV/0!
A9: =D.SISWA!A9 -> 4 | B9: =D.SISWA!B102 -> 0 | C9: =D.SISWA!C102 -> DEFIN PRASETYA | D9: =D.SISWA!D102 -> X ACP | E9: 0 | F9: =IF(E9>=30,"87",IF(E9>=25,"84",IF(E9>=20,"81",IF(E9>=15,"78","60")))) -> 60 | I9: =AVERAGE(G9:H9) -> #DIV/0! | M9: =AVERAGE(J9:L9) -> #DIV/0! | P9: =AVERAGE(N9:O9) -> #DIV/0! | S9: =AVERAGE(Q9:R9) -> #DIV/0! | T9: =(0.4*F9)+(0.1*I9)+(0.4*M9)+(0.05*P9)+(0.05*S9) -> #DIV/0! | V9: 1 | W9: =IF(V9>=30,"87",IF(V9>=25,"84",IF(V9>=20,"81",IF(V9>=15,"78","60")))) -> 60 | Z9: =AVERAGE(X9:Y9) -> #DIV/0! | AD9: =AVERAGE(AA9:AC9) -> #DIV/0! | AG9: =AVERAGE(AE9:AF9) -> #DIV/0! | AJ9: =AVERAGE(AH9:AI9) -> #DIV/0! | AK9: =(0.4*W9)+(0.1*Z9)+(0.4*AD9)+(0.05*AG9)+(0.05*AJ9) -> #DIV/0!
A10: =D.SISWA!A10 -> 5 | B10: =D.SISWA!B103 -> 0 | C10: =D.SISWA!C103 -> FIKRI FAHRIANSAH | D10: =D.SISWA!D103 -> X ACP | E10: 1 | F10: =IF(E10>=30,"87",IF(E10>=25,"84",IF(E10>=20,"81",IF(E10>=15,"78","60")))) -> 60 | I10: =AVERAGE(G10:H10) -> #DIV/0! | M10: =AVERAGE(J10:L10) -> #DIV/0! | P10: =AVERAGE(N10:O10) -> #DIV/0! | S10: =AVERAGE(Q10:R10) -> #DIV/0! | T10: =(0.4*F10)+(0.1*I10)+(0.4*M10)+(0.05*P10)+(0.05*S10) -> #DIV/0! | V10: 1 | W10: =IF(V10>=30,"87",IF(V10>=25,"84",IF(V10>=20,"81",IF(V10>=15,"78","60")))) -> 60 | Z10: =AVERAGE(X10:Y10) -> #DIV/0! | AD10: =AVERAGE(AA10:AC10) -> #DIV/0! | AG10: =AVERAGE(AE10:AF10) -> #DIV/0! | AJ10: =AVERAGE(AH10:AI10) -> #DIV/0! | AK10: =(0.4*W10)+(0.1*Z10)+(0.4*AD10)+(0.05*AG10)+(0.05*AJ10) -> #DIV/0!
A11: =D.SISWA!A11 -> 6 | B11: =D.SISWA!B104 -> 0 | C11: =D.SISWA!C104 -> JISVI DWI ANDREANS | D11: =D.SISWA!D104 -> X ACP | E11: 0 | F11: =IF(E11>=30,"87",IF(E11>=25,"84",IF(E11>=20,"81",IF(E11>=15,"78","60")))) -> 60 | I11: =AVERAGE(G11:H11) -> #DIV/0! | M11: =AVERAGE(J11:L11) -> #DIV/0! | P11: =AVERAGE(N11:O11) -> #DIV/0! | S11: =AVERAGE(Q11:R11) -> #DIV/0! | T11: =(0.4*F11)+(0.1*I11)+(0.4*M11)+(0.05*P11)+(0.05*S11) -> #DIV/0! | V11: 1 | W11: =IF(V11>=30,"87",IF(V11>=25,"84",IF(V11>=20,"81",IF(V11>=15,"78","60")))) -> 60 | Z11: =AVERAGE(X11:Y11) -> #DIV/0! | AD11: =AVERAGE(AA11:AC11) -> #DIV/0! | AG11: =AVERAGE(AE11:AF11) -> #DIV/0! | AJ11: =AVERAGE(AH11:AI11) -> #DIV/0! | AK11: =(0.4*W11)+(0.1*Z11)+(0.4*AD11)+(0.05*AG11)+(0.05*AJ11) -> #DIV/0!
A12: =D.SISWA!A12 -> 7 | B12: =D.SISWA!B105 -> 0 | C12: =D.SISWA!C105 -> KENZI REYNALDI | D12: =D.SISWA!D105 -> X ACP | E12: 1 | F12: =IF(E12>=30,"87",IF(E12>=25,"84",IF(E12>=20,"81",IF(E12>=15,"78","60")))) -> 60 | I12: =AVERAGE(G12:H12) -> #DIV/0! | M12: =AVERAGE(J12:L12) -> #DIV/0! | P12: =AVERAGE(N12:O12) -> #DIV/0! | S12: =AVERAGE(Q12:R12) -> #DIV/0! | T12: =(0.4*F12)+(0.1*I12)+(0.4*M12)+(0.05*P12)+(0.05*S12) -> #DIV/0! | V12: 1 | W12: =IF(V12>=30,"87",IF(V12>=25,"84",IF(V12>=20,"81",IF(V12>=15,"78","60")))) -> 60 | Z12: =AVERAGE(X12:Y12) -> #DIV/0! | AD12: =AVERAGE(AA12:AC12) -> #DIV/0! | AG12: =AVERAGE(AE12:AF12) -> #DIV/0! | AJ12: =AVERAGE(AH12:AI12) -> #DIV/0! | AK12: =(0.4*W12)+(0.1*Z12)+(0.4*AD12)+(0.05*AG12)+(0.05*AJ12) -> #DIV/0!
A13: =D.SISWA!A13 -> 8 | B13: =D.SISWA!B106 -> 0 | C13: =D.SISWA!C106 -> LIANA NARASAKI | D13: =D.SISWA!D106 -> X ACP | E13: 1 | F13: =IF(E13>=30,"87",IF(E13>=25,"84",IF(E13>=20,"81",IF(E13>=15,"78","60")))) -> 60 | I13: =AVERAGE(G13:H13) -> #DIV/0! | M13: =AVERAGE(J13:L13) -> #DIV/0! | P13: =AVERAGE(N13:O13) -> #DIV/0! | S13: =AVERAGE(Q13:R13) -> #DIV/0! | T13: =(0.4*F13)+(0.1*I13)+(0.4*M13)+(0.05*P13)+(0.05*S13) -> #DIV/0! | V13: 1 | W13: =IF(V13>=30,"87",IF(V13>=25,"84",IF(V13>=20,"81",IF(V13>=15,"78","60")))) -> 60 | Z13: =AVERAGE(X13:Y13) -> #DIV/0! | AD13: =AVERAGE(AA13:AC13) -> #DIV/0! | AG13: =AVERAGE(AE13:AF13) -> #DIV/0! | AJ13: =AVERAGE(AH13:AI13) -> #DIV/0! | AK13: =(0.4*W13)+(0.1*Z13)+(0.4*AD13)+(0.05*AG13)+(0.05*AJ13) -> #DIV/0!
A14: =D.SISWA!A14 -> 9 | B14: =D.SISWA!B107 -> 0 | C14: =D.SISWA!C107 -> FADIL BAIHAQI | D14: =D.SISWA!D107 -> X ACP | E14: 0 | F14: =IF(E14>=30,"87",IF(E14>=25,"84",IF(E14>=20,"81",IF(E14>=15,"78","60")))) -> 60 | I14: =AVERAGE(G14:H14) -> #DIV/0! | M14: =AVERAGE(J14:L14) -> #DIV/0! | P14: =AVERAGE(N14:O14) -> #DIV/0! | S14: =AVERAGE(Q14:R14) -> #DIV/0! | T14: =(0.4*F14)+(0.1*I14)+(0.4*M14)+(0.05*P14)+(0.05*S14) -> #DIV/0! | V14: 1 | W14: =IF(V14>=30,"87",IF(V14>=25,"84",IF(V14>=20,"81",IF(V14>=15,"78","60")))) -> 60 | Z14: =AVERAGE(X14:Y14) -> #DIV/0! | AD14: =AVERAGE(AA14:AC14) -> #DIV/0! | AG14: =AVERAGE(AE14:AF14) -> #DIV/0! | AJ14: =AVERAGE(AH14:AI14) -> #DIV/0! | AK14: =(0.4*W14)+(0.1*Z14)+(0.4*AD14)+(0.05*AG14)+(0.05*AJ14) -> #DIV/0!
A15: =D.SISWA!A15 -> 10 | B15: =D.SISWA!B108 -> 0 | C15: =D.SISWA!C108 -> MAULIDA | D15: =D.SISWA!D108 -> X ACP | E15: 1 | F15: =IF(E15>=30,"87",IF(E15>=25,"84",IF(E15>=20,"81",IF(E15>=15,"78","60")))) -> 60 | I15: =AVERAGE(G15:H15) -> #DIV/0! | M15: =AVERAGE(J15:L15) -> #DIV/0! | P15: =AVERAGE(N15:O15) -> #DIV/0! | S15: =AVERAGE(Q15:R15) -> #DIV/0! | T15: =(0.4*F15)+(0.1*I15)+(0.4*M15)+(0.05*P15)+(0.05*S15) -> #DIV/0! | V15: 1 | W15: =IF(V15>=30,"87",IF(V15>=25,"84",IF(V15>=20,"81",IF(V15>=15,"78","60")))) -> 60 | Z15: =AVERAGE(X15:Y15) -> #DIV/0! | AD15: =AVERAGE(AA15:AC15) -> #DIV/0! | AG15: =AVERAGE(AE15:AF15) -> #DIV/0! | AJ15: =AVERAGE(AH15:AI15) -> #DIV/0! | AK15: =(0.4*W15)+(0.1*Z15)+(0.4*AD15)+(0.05*AG15)+(0.05*AJ15) -> #DIV/0!
A16: =D.SISWA!A16 -> 11 | B16: =D.SISWA!B109 -> 0 | C16: =D.SISWA!C109 -> MIRAJ AKBAR PA | D16: =D.SISWA!D109 -> X ACP | E16: 1 | F16: =IF(E16>=30,"87",IF(E16>=25,"84",IF(E16>=20,"81",IF(E16>=15,"78","60")))) -> 60 | I16: =AVERAGE(G16:H16) -> #DIV/0! | M16: =AVERAGE(J16:L16) -> #DIV/0! | P16: =AVERAGE(N16:O16) -> #DIV/0! | S16: =AVERAGE(Q16:R16) -> #DIV/0! | T16: =(0.4*F16)+(0.1*I16)+(0.4*M16)+(0.05*P16)+(0.05*S16) -> #DIV/0! | V16: 0 | W16: =IF(V16>=30,"87",IF(V16>=25,"84",IF(V16>=20,"81",IF(V16>=15,"78","60")))) -> 60 | Z16: =AVERAGE(X16:Y16) -> #DIV/0! | AD16: =AVERAGE(AA16:AC16) -> #DIV/0! | AG16: =AVERAGE(AE16:AF16) -> #DIV/0! | AJ16: =AVERAGE(AH16:AI16) -> #DIV/0! | AK16: =(0.4*W16)+(0.1*Z16)+(0.4*AD16)+(0.05*AG16)+(0.05*AJ16) -> #DIV/0!
A17: =D.SISWA!A17 -> 12 | B17: =D.SISWA!B110 -> 0 | C17: =D.SISWA!C110 -> MUHAMMAD DAVID | D17: =D.SISWA!D110 -> X ACP | E17: 1 | F17: =IF(E17>=30,"87",IF(E17>=25,"84",IF(E17>=20,"81",IF(E17>=15,"78","60")))) -> 60 | I17: =AVERAGE(G17:H17) -> #DIV/0! | M17: =AVERAGE(J17:L17) -> #DIV/0! | P17: =AVERAGE(N17:O17) -> #DIV/0! | S17: =AVERAGE(Q17:R17) -> #DIV/0! | T17: =(0.4*F17)+(0.1*I17)+(0.4*M17)+(0.05*P17)+(0.05*S17) -> #DIV/0! | V17: 1 | W17: =IF(V17>=30,"87",IF(V17>=25,"84",IF(V17>=20,"81",IF(V17>=15,"78","60")))) -> 60 | Z17: =AVERAGE(X17:Y17) -> #DIV/0! | AD17: =AVERAGE(AA17:AC17) -> #DIV/0! | AG17: =AVERAGE(AE17:AF17) -> #DIV/0! | AJ17: =AVERAGE(AH17:AI17) -> #DIV/0! | AK17: =(0.4*W17)+(0.1*Z17)+(0.4*AD17)+(0.05*AG17)+(0.05*AJ17) -> #DIV/0!
A18: =D.SISWA!A18 -> 13 | B18: =D.SISWA!B111 -> 0 | C18: =D.SISWA!C111 -> MUHAMMAD IRPANA | D18: =D.SISWA!D111 -> X ACP | E18: 1 | F18: =IF(E18>=30,"87",IF(E18>=25,"84",IF(E18>=20,"81",IF(E18>=15,"78","60")))) -> 60 | I18: =AVERAGE(G18:H18) -> #DIV/0! | M18: =AVERAGE(J18:L18) -> #DIV/0! | P18: =AVERAGE(N18:O18) -> #DIV/0! | S18: =AVERAGE(Q18:R18) -> #DIV/0! | T18: =(0.4*F18)+(0.1*I18)+(0.4*M18)+(0.05*P18)+(0.05*S18) -> #DIV/0! | V18: 1 | W18: =IF(V18>=30,"87",IF(V18>=25,"84",IF(V18>=20,"81",IF(V18>=15,"78","60")))) -> 60 | Z18: =AVERAGE(X18:Y18) -> #DIV/0! | AD18: =AVERAGE(AA18:AC18) -> #DIV/0! | AG18: =AVERAGE(AE18:AF18) -> #DIV/0! | AJ18: =AVERAGE(AH18:AI18) -> #DIV/0! | AK18: =(0.4*W18)+(0.1*Z18)+(0.4*AD18)+(0.05*AG18)+(0.05*AJ18) -> #DIV/0!
... A24: =D.SISWA!A24 -> 19 | B24: =D.SISWA!B117 -> 0 | C24: =D.SISWA!C117 -> RABBY KARUNIA | D24: =D.SISWA!D117 -> X ACP | E24: 1 | F24: =IF(E24>=30,"87",IF(E24>=25,"84",IF(E24>=20,"81",IF(E24>=15,"78","60")))) -> 60 | I24: =AVERAGE(G24:H24) -> #DIV/0! | M24: =AVERAGE(J24:L24) -> #DIV/0! | P24: =AVERAGE(N24:O24) -> #DIV/0! | S24: =AVERAGE(Q24:R24) -> #DIV/0! | T24: =(0.4*F24)+(0.1*I24)+(0.4*M24)+(0.05*P24)+(0.05*S24) -> #DIV/0! | V24: 1 | W24: =IF(V24>=30,"87",IF(V24>=25,"84",IF(V24>=20,"81",IF(V24>=15,"78","60")))) -> 60 | Z24: =AVERAGE(X24:Y24) -> #DIV/0! | AD24: =AVERAGE(AA24:AC24) -> #DIV/0! | AG24: =AVERAGE(AE24:AF24) -> #DIV/0! | AJ24: =AVERAGE(AH24:AI24) -> #DIV/0! | AK24: =(0.4*W24)+(0.1*Z24)+(0.4*AD24)+(0.05*AG24)+(0.05*AJ24) -> #DIV/0!
A25: =D.SISWA!A25 -> 20 | B25: =D.SISWA!B118 -> 0 | C25: =D.SISWA!C118 -> RAMA DIAN SAPUTRA | D25: =D.SISWA!D118 -> X ACP | F25: =IF(E25>=30,"87",IF(E25>=25,"84",IF(E25>=20,"81",IF(E25>=15,"78","60")))) -> 60 | I25: =AVERAGE(G25:H25) -> #DIV/0! | M25: =AVERAGE(J25:L25) -> #DIV/0! | P25: =AVERAGE(N25:O25) -> #DIV/0! | S25: =AVERAGE(Q25:R25) -> #DIV/0! | T25: =(0.4*F25)+(0.1*I25)+(0.4*M25)+(0.05*P25)+(0.05*S25) -> #DIV/0! | V25: 1 | W25: =IF(V25>=30,"87",IF(V25>=25,"84",IF(V25>=20,"81",IF(V25>=15,"78","60")))) -> 60 | Z25: =AVERAGE(X25:Y25) -> #DIV/0! | AD25: =AVERAGE(AA25:AC25) -> #DIV/0! | AG25: =AVERAGE(AE25:AF25) -> #DIV/0! | AJ25: =AVERAGE(AH25:AI25) -> #DIV/0! | AK25: =(0.4*W25)+(0.1*Z25)+(0.4*AD25)+(0.05*AG25)+(0.05*AJ25) -> #DIV/0!
A26: =D.SISWA!A26 -> 21 | B26: =D.SISWA!B119 -> 0 | C26: =D.SISWA!C119 -> SYAHRIL ARDIANSYAH | D26: =D.SISWA!D119 -> X ACP | F26: =IF(E26>=30,"87",IF(E26>=25,"84",IF(E26>=20,"81",IF(E26>=15,"78","60")))) -> 60 | I26: =AVERAGE(G26:H26) -> #DIV/0! | M26: =AVERAGE(J26:L26) -> #DIV/0! | P26: =AVERAGE(N26:O26) -> #DIV/0! | S26: =AVERAGE(Q26:R26) -> #DIV/0! | T26: =(0.4*F26)+(0.1*I26)+(0.4*M26)+(0.05*P26)+(0.05*S26) -> #DIV/0! | V26: 1 | W26: =IF(V26>=30,"87",IF(V26>=25,"84",IF(V26>=20,"81",IF(V26>=15,"78","60")))) -> 60 | Z26: =AVERAGE(X26:Y26) -> #DIV/0! | AD26: =AVERAGE(AA26:AC26) -> #DIV/0! | AG26: =AVERAGE(AE26:AF26) -> #DIV/0! | AJ26: =AVERAGE(AH26:AI26) -> #DIV/0! | AK26: =(0.4*W26)+(0.1*Z26)+(0.4*AD26)+(0.05*AG26)+(0.05*AJ26) -> #DIV/0!
A27: =D.SISWA!A27 -> 22 | B27: =D.SISWA!B120 -> 0 | C27: =D.SISWA!C120 -> TIARA APRILIA | D27: =D.SISWA!D120 -> X ACP | F27: =IF(E27>=30,"87",IF(E27>=25,"84",IF(E27>=20,"81",IF(E27>=15,"78","60")))) -> 60 | I27: =AVERAGE(G27:H27) -> #DIV/0! | M27: =AVERAGE(J27:L27) -> #DIV/0! | P27: =AVERAGE(N27:O27) -> #DIV/0! | S27: =AVERAGE(Q27:R27) -> #DIV/0! | T27: =(0.4*F27)+(0.1*I27)+(0.4*M27)+(0.05*P27)+(0.05*S27) -> #DIV/0! | V27: 1 | W27: =IF(V27>=30,"87",IF(V27>=25,"84",IF(V27>=20,"81",IF(V27>=15,"78","60")))) -> 60 | Z27: =AVERAGE(X27:Y27) -> #DIV/0! | AD27: =AVERAGE(AA27:AC27) -> #DIV/0! | AG27: =AVERAGE(AE27:AF27) -> #DIV/0! | AJ27: =AVERAGE(AH27:AI27) -> #DIV/0! | AK27: =(0.4*W27)+(0.1*Z27)+(0.4*AD27)+(0.05*AG27)+(0.05*AJ27) -> #DIV/0!
A28: =D.SISWA!A28 -> 23 | B28: =D.SISWA!B121 -> 0 | C28: =D.SISWA!C121 -> ANDHIKA SAPUTRA | D28: =D.SISWA!D121 -> X ACP | F28: =IF(E28>=30,"87",IF(E28>=25,"84",IF(E28>=20,"81",IF(E28>=15,"78","60")))) -> 60 | I28: =AVERAGE(G28:H28) -> #DIV/0! | M28: =AVERAGE(J28:L28) -> #DIV/0! | P28: =AVERAGE(N28:O28) -> #DIV/0! | S28: =AVERAGE(Q28:R28) -> #DIV/0! | T28: =(0.4*F28)+(0.1*I28)+(0.4*M28)+(0.05*P28)+(0.05*S28) -> #DIV/0! | V28: 1 | W28: =IF(V28>=30,"87",IF(V28>=25,"84",IF(V28>=20,"81",IF(V28>=15,"78","60")))) -> 60 | Z28: =AVERAGE(X28:Y28) -> #DIV/0! | AD28: =AVERAGE(AA28:AC28) -> #DIV/0! | AG28: =AVERAGE(AE28:AF28) -> #DIV/0! | AJ28: =AVERAGE(AH28:AI28) -> #DIV/0! | AK28: =(0.4*W28)+(0.1*Z28)+(0.4*AD28)+(0.05*AG28)+(0.05*AJ28) -> #DIV/0!
A29: =D.SISWA!A29 -> 24 | B29: =D.SISWA!B122 -> 0 | C29: =D.SISWA!C122 -> 0 | D29: =D.SISWA!D122 -> 0 | F29: =IF(E29>=30,"87",IF(E29>=25,"84",IF(E29>=20,"81",IF(E29>=15,"78","60")))) -> 60 | I29: =AVERAGE(G29:H29) -> #DIV/0! | M29: =AVERAGE(J29:L29) -> #DIV/0! | P29: =AVERAGE(N29:O29) -> #DIV/0! | S29: =AVERAGE(Q29:R29) -> #DIV/0! | T29: =(0.4*F29)+(0.1*I29)+(0.4*M29)+(0.05*P29)+(0.05*S29) -> #DIV/0! | V29: 1 | W29: =IF(V29>=30,"87",IF(V29>=25,"84",IF(V29>=20,"81",IF(V29>=15,"78","60")))) -> 60 | Z29: =AVERAGE(X29:Y29) -> #DIV/0! | AD29: =AVERAGE(AA29:AC29) -> #DIV/0! | AG29: =AVERAGE(AE29:AF29) -> #DIV/0! | AJ29: =AVERAGE(AH29:AI29) -> #DIV/0! | AK29: =(0.4*W29)+(0.1*Z29)+(0.4*AD29)+(0.05*AG29)+(0.05*AJ29) -> #DIV/0!
A30: =D.SISWA!A30 -> 25 | B30: =D.SISWA!B123 -> 0 | C30: =D.SISWA!C123 -> 0 | D30: =D.SISWA!D123 -> 0 | F30: =IF(E30>=30,"87",IF(E30>=25,"84",IF(E30>=20,"81",IF(E30>=15,"78","60")))) -> 60 | I30: =AVERAGE(G30:H30) -> #DIV/0! | M30: =AVERAGE(J30:L30) -> #DIV/0! | P30: =AVERAGE(N30:O30) -> #DIV/0! | S30: =AVERAGE(Q30:R30) -> #DIV/0! | T30: =(0.4*F30)+(0.1*I30)+(0.4*M30)+(0.05*P30)+(0.05*S30) -> #DIV/0! | V30: 1 | W30: =IF(V30>=30,"87",IF(V30>=25,"84",IF(V30>=20,"81",IF(V30>=15,"78","60")))) -> 60 | Z30: =AVERAGE(X30:Y30) -> #DIV/0! | AD30: =AVERAGE(AA30:AC30) -> #DIV/0! | AG30: =AVERAGE(AE30:AF30) -> #DIV/0! | AJ30: =AVERAGE(AH30:AI30) -> #DIV/0! | AK30: =(0.4*W30)+(0.1*Z30)+(0.4*AD30)+(0.05*AG30)+(0.05*AJ30) -> #DIV/0!
A31: =D.SISWA!A31 -> 26 | B31: =D.SISWA!B124 -> 0 | C31: =D.SISWA!C124 -> 0 | D31: =D.SISWA!D124 -> 0 | F31: =IF(E31>=30,"87",IF(E31>=25,"84",IF(E31>=20,"81",IF(E31>=15,"78","60")))) -> 60 | I31: =AVERAGE(G31:H31) -> #DIV/0! | M31: =AVERAGE(J31:L31) -> #DIV/0! | P31: =AVERAGE(N31:O31) -> #DIV/0! | S31: =AVERAGE(Q31:R31) -> #DIV/0! | T31: =(0.4*F31)+(0.1*I31)+(0.4*M31)+(0.05*P31)+(0.05*S31) -> #DIV/0! | V31: 1 | W31: =IF(V31>=30,"87",IF(V31>=25,"84",IF(V31>=20,"81",IF(V31>=15,"78","60")))) -> 60 | Z31: =AVERAGE(X31:Y31) -> #DIV/0! | AD31: =AVERAGE(AA31:AC31) -> #DIV/0! | AG31: =AVERAGE(AE31:AF31) -> #DIV/0! | AJ31: =AVERAGE(AH31:AI31) -> #DIV/0! | AK31: =(0.4*W31)+(0.1*Z31)+(0.4*AD31)+(0.05*AG31)+(0.05*AJ31) -> #DIV/0!
A32: =D.SISWA!A32 -> 27 | B32: =D.SISWA!B125 -> 0 | C32: =D.SISWA!C125 -> 0 | D32: =D.SISWA!D125 -> 0 | F32: =IF(E32>=30,"87",IF(E32>=25,"84",IF(E32>=20,"81",IF(E32>=15,"78","60")))) -> 60 | I32: =AVERAGE(G32:H32) -> #DIV/0! | M32: =AVERAGE(J32:L32) -> #DIV/0! | P32: =AVERAGE(N32:O32) -> #DIV/0! | S32: =AVERAGE(Q32:R32) -> #DIV/0! | T32: =(0.4*F32)+(0.1*I32)+(0.4*M32)+(0.05*P32)+(0.05*S32) -> #DIV/0! | V32: 1 | W32: =IF(V32>=30,"87",IF(V32>=25,"84",IF(V32>=20,"81",IF(V32>=15,"78","60")))) -> 60 | Z32: =AVERAGE(X32:Y32) -> #DIV/0! | AD32: =AVERAGE(AA32:AC32) -> #DIV/0! | AG32: =AVERAGE(AE32:AF32) -> #DIV/0! | AJ32: =AVERAGE(AH32:AI32) -> #DIV/0! | AK32: =(0.4*W32)+(0.1*Z32)+(0.4*AD32)+(0.05*AG32)+(0.05*AJ32) -> #DIV/0!
A33: =D.SISWA!A33 -> 28 | B33: =D.SISWA!B126 -> 0 | C33: =D.SISWA!C126 -> 0 | D33: =D.SISWA!D126 -> 0 | F33: =IF(E33>=30,"87",IF(E33>=25,"84",IF(E33>=20,"81",IF(E33>=15,"78","60")))) -> 60 | I33: =AVERAGE(G33:H33) -> #DIV/0! | M33: =AVERAGE(J33:L33) -> #DIV/0! | P33: =AVERAGE(N33:O33) -> #DIV/0! | S33: =AVERAGE(Q33:R33) -> #DIV/0! | T33: =(0.4*F33)+(0.1*I33)+(0.4*M33)+(0.05*P33)+(0.05*S33) -> #DIV/0! | V33: 1 | W33: =IF(V33>=30,"87",IF(V33>=25,"84",IF(V33>=20,"81",IF(V33>=15,"78","60")))) -> 60 | Z33: =AVERAGE(X33:Y33) -> #DIV/0! | AD33: =AVERAGE(AA33:AC33) -> #DIV/0! | AG33: =AVERAGE(AE33:AF33) -> #DIV/0! | AJ33: =AVERAGE(AH33:AI33) -> #DIV/0! | AK33: =(0.4*W33)+(0.1*Z33)+(0.4*AD33)+(0.05*AG33)+(0.05*AJ33) -> #DIV/0!
A34: =D.SISWA!A34 -> 29 | B34: =D.SISWA!B127 -> 0 | C34: =D.SISWA!C127 -> 0 | D34: =D.SISWA!D127 -> 0 | F34: =IF(E34>=30,"87",IF(E34>=25,"84",IF(E34>=20,"81",IF(E34>=15,"78","60")))) -> 60 | I34: =AVERAGE(G34:H34) -> #DIV/0! | M34: =AVERAGE(J34:L34) -> #DIV/0! | P34: =AVERAGE(N34:O34) -> #DIV/0! | S34: =AVERAGE(Q34:R34) -> #DIV/0! | T34: =(0.4*F34)+(0.1*I34)+(0.4*M34)+(0.05*P34)+(0.05*S34) -> #DIV/0! | V34: 1 | W34: =IF(V34>=30,"87",IF(V34>=25,"84",IF(V34>=20,"81",IF(V34>=15,"78","60")))) -> 60 | Z34: =AVERAGE(X34:Y34) -> #DIV/0! | AD34: =AVERAGE(AA34:AC34) -> #DIV/0! | AG34: =AVERAGE(AE34:AF34) -> #DIV/0! | AJ34: =AVERAGE(AH34:AI34) -> #DIV/0! | AK34: =(0.4*W34)+(0.1*Z34)+(0.4*AD34)+(0.05*AG34)+(0.05*AJ34) -> #DIV/0!
A35: =D.SISWA!A35 -> 30 | B35: =D.SISWA!B128 -> 0 | C35: =D.SISWA!C128 -> 0 | D35: =D.SISWA!D128 -> 0 | F35: =IF(E35>=30,"87",IF(E35>=25,"84",IF(E35>=20,"81",IF(E35>=15,"78","60")))) -> 60 | I35: =AVERAGE(G35:H35) -> #DIV/0! | M35: =AVERAGE(J35:L35) -> #DIV/0! | P35: =AVERAGE(N35:O35) -> #DIV/0! | S35: =AVERAGE(Q35:R35) -> #DIV/0! | T35: =(0.4*F35)+(0.1*I35)+(0.4*M35)+(0.05*P35)+(0.05*S35) -> #DIV/0! | V35: 1 | W35: =IF(V35>=30,"87",IF(V35>=25,"84",IF(V35>=20,"81",IF(V35>=15,"78","60")))) -> 60 | Z35: =AVERAGE(X35:Y35) -> #DIV/0! | AD35: =AVERAGE(AA35:AC35) -> #DIV/0! | AG35: =AVERAGE(AE35:AF35) -> #DIV/0! | AJ35: =AVERAGE(AH35:AI35) -> #DIV/0! | AK35: =(0.4*W35)+(0.1*Z35)+(0.4*AD35)+(0.05*AG35)+(0.05*AJ35) -> #DIV/0!
A36: =D.SISWA!A36 -> 31 | B36: =D.SISWA!B129 -> 0 | C36: =D.SISWA!C129 -> 0 | D36: =D.SISWA!D129 -> 0 | F36: =IF(E36>=30,"87",IF(E36>=25,"84",IF(E36>=20,"81",IF(E36>=15,"78","60")))) -> 60 | I36: =AVERAGE(G36:H36) -> #DIV/0! | M36: =AVERAGE(J36:L36) -> #DIV/0! | P36: =AVERAGE(N36:O36) -> #DIV/0! | S36: =AVERAGE(Q36:R36) -> #DIV/0! | T36: =(0.4*F36)+(0.1*I36)+(0.4*M36)+(0.05*P36)+(0.05*S36) -> #DIV/0! | V36: 1 | W36: =IF(V36>=30,"87",IF(V36>=25,"84",IF(V36>=20,"81",IF(V36>=15,"78","60")))) -> 60 | Z36: =AVERAGE(X36:Y36) -> #DIV/0! | AD36: =AVERAGE(AA36:AC36) -> #DIV/0! | AG36: =AVERAGE(AE36:AF36) -> #DIV/0! | AJ36: =AVERAGE(AH36:AI36) -> #DIV/0! | AK36: =(0.4*W36)+(0.1*Z36)+(0.4*AD36)+(0.05*AG36)+(0.05*AJ36) -> #DIV/0!
... A53: =D.SISWA!A53 -> 48 | B53: =D.SISWA!B146 -> 0 | C53: =D.SISWA!C146 -> 0 | D53: =D.SISWA!D146 -> 0 | F53: =IF(E53>=30,"87",IF(E53>=25,"84",IF(E53>=20,"81",IF(E53>=15,"78","60")))) -> 60 | I53: =AVERAGE(G53:H53) -> #DIV/0! | M53: =AVERAGE(J53:L53) -> #DIV/0! | P53: =AVERAGE(N53:O53) -> #DIV/0! | S53: =AVERAGE(Q53:R53) -> #DIV/0! | T53: =(0.4*F53)+(0.1*I53)+(0.4*M53)+(0.05*P53)+(0.05*S53) -> #DIV/0! | V53: 1 | W53: =IF(V53>=30,"87",IF(V53>=25,"84",IF(V53>=20,"81",IF(V53>=15,"78","60")))) -> 60 | Z53: =AVERAGE(X53:Y53) -> #DIV/0! | AD53: =AVERAGE(AA53:AC53) -> #DIV/0! | AG53: =AVERAGE(AE53:AF53) -> #DIV/0! | AJ53: =AVERAGE(AH53:AI53) -> #DIV/0! | AK53: =(0.4*W53)+(0.1*Z53)+(0.4*AD53)+(0.05*AG53)+(0.05*AJ53) -> #DIV/0!
P55: ACP | AG55: ACP
P56: Absensi | Q56: 35 | AG56: Absensi | AH56: 35
P57: Prjct | Q57: 25 | AG57: Prjct | AH57: 25
P58: NUH | Q58: 10 | AG58: NUH | AH58: 10
P59: PTS | Q59: 15 | AG59: PTS | AH59: 15
P60: PAS | Q60: 15 | AG60: PAS | AH60: 15

Sheet PENILAIAN S.3
A1: NO | B1: NIS | C1: NAMA SISWA | D1: KELAS | E1: MATA PELAJARAN | V1: MATA PELAJARAN | AL1: MATA PELAJARAN
E2: BASIS DATA | V2: PEMROGRAMAN PERANGKAT BERGERAK | AL2: AT INTERNET OF THINGS(IOT)
E3: SEMESTER 3 | V3: SEMESTER 3 | AL3: SEMESTER 3
E4: Absensi | G4: Prjct | J4: NUH | N4: PTS | Q4: PAS | T4: N.RAPOT | V4: Absensi | X4: Prjct | AA4: NUH | AD4: PTS | AG4: PAS | AJ4: N.RAPOT | AL4: Absensi | AN4: Prjct | AQ4: NUH | AT4: PTS | AW4: PAS | AZ4: N.RAPOT
A5: 1 | B5: 2 | C5: 3 | D5: 4 | F5: 11 | G5: HAPALAN | H5: TEST BD | I5: 12 | M5: 13 | N5: M | O5: P | P5: 14 | Q5: M | R5: P | S5: 15 | T5: 16 | W5: 11 | Z5: 12 | AC5: 13 | AD5: M | AE5: P | AF5: 14 | AG5: M | AH5: P | AI5: 15 | AJ5: 16 | AM5: 11 | AP5: 12 | AS5: 13 | AT5: M | AU5: P | AV5: 14 | AW5: M | AX5: P | AY5: 15 | AZ5: 16
A6: =D.SISWA!A6 -> 1 | B6: =D.SISWA!B6 -> 242501001 | C6: =D.SISWA!C6 -> ALVIN PRASETIA | D6: =D.SISWA!D6 -> XI ACP | E6: 1 | F6: =IF(E6>=30,"87",IF(E6>=25,"84",IF(E6>=20,"81",IF(E6>=15,"78","60")))) -> 60 | I6: =AVERAGE(G6:H6) -> #DIV/0! | M6: =AVERAGE(J6:L6) -> #DIV/0! | P6: =AVERAGE(N6:O6) -> #DIV/0! | S6: =AVERAGE(Q6:R6) -> #DIV/0! | T6: =(0.4*F6)+(0.2*I6)+(0.15*M6)+(0.15*P6)+(0.1*S6) -> #DIV/0! | V6: 0 | W6: =IF(V6>=30,"87",IF(V6>=25,"84",IF(V6>=20,"81",IF(V6>=15,"78","60")))) -> 60 | Z6: =AVERAGE(X6:Y6) -> #DIV/0! | AC6: =AVERAGE(AA6:AB6) -> #DIV/0! | AF6: =AVERAGE(AD6:AE6) -> #DIV/0! | AI6: =AVERAGE(AG6:AH6) -> #DIV/0! | AJ6: =(0.4*W6)+(0.2*Z6)+(0.15*AC6)+(0.15*AF6)+(0.1*AI6) -> #DIV/0! | AL6: 0 | AM6: =IF(AL6>=30,"87",IF(AL6>=25,"84",IF(AL6>=20,"81",IF(AL6>=15,"78","60")))) -> 60 | AP6: =AVERAGE(AN6:AO6) -> #DIV/0! | AS6: =AVERAGE(AQ6:AR6) -> #DIV/0! | AV6: =AVERAGE(AT6:AU6) -> #DIV/0! | AY6: =AVERAGE(AW6:AX6) -> #DIV/0! | AZ6: =(0.4*AM6)+(0.2*AP6)+(0.15*AS6)+(0.15*AV6)+(0.1*AY6) -> #DIV/0!
A7: =D.SISWA!A7 -> 2 | B7: =D.SISWA!B7 -> 242501002 | C7: =D.SISWA!C7 -> AKBAR MAULANA | D7: =D.SISWA!D7 -> XI ACP | E7: 2 | F7: =IF(E7>=30,"87",IF(E7>=25,"84",IF(E7>=20,"81",IF(E7>=15,"78","60")))) -> 60 | I7: =AVERAGE(G7:H7) -> #DIV/0! | M7: =AVERAGE(J7:L7) -> #DIV/0! | P7: =AVERAGE(N7:O7) -> #DIV/0! | S7: =AVERAGE(Q7:R7) -> #DIV/0! | T7: =(0.4*F7)+(0.2*I7)+(0.15*M7)+(0.15*P7)+(0.1*S7) -> #DIV/0! | V7: 0 | W7: =IF(V7>=30,"87",IF(V7>=25,"84",IF(V7>=20,"81",IF(V7>=15,"78","60")))) -> 60 | Z7: =AVERAGE(X7:Y7) -> #DIV/0! | AC7: =AVERAGE(AA7:AB7) -> #DIV/0! | AF7: =AVERAGE(AD7:AE7) -> #DIV/0! | AI7: =AVERAGE(AG7:AH7) -> #DIV/0! | AJ7: =(0.4*W7)+(0.2*Z7)+(0.15*AC7)+(0.15*AF7)+(0.1*AI7) -> #DIV/0! | AL7: 0 | AM7: =IF(AL7>=30,"87",IF(AL7>=25,"84",IF(AL7>=20,"81",IF(AL7>=15,"78","60")))) -> 60 | AP7: =AVERAGE(AN7:AO7) -> #DIV/0! | AS7: =AVERAGE(AQ7:AR7) -> #DIV/0! | AV7: =AVERAGE(AT7:AU7) -> #DIV/0! | AY7: =AVERAGE(AW7:AX7) -> #DIV/0! | AZ7: =(0.4*AM7)+(0.2*AP7)+(0.15*AS7)+(0.15*AV7)+(0.1*AY7) -> #DIV/0!
A8: =D.SISWA!A8 -> 3 | B8: =D.SISWA!B8 -> 242501003 | C8: =D.SISWA!C8 -> FADIL ABDUL AZIZ | D8: =D.SISWA!D8 -> XI ACP | E8: 1 | F8: =IF(E8>=30,"87",IF(E8>=25,"84",IF(E8>=20,"81",IF(E8>=15,"78","60")))) -> 60 | I8: =AVERAGE(G8:H8) -> #DIV/0! | M8: =AVERAGE(J8:L8) -> #DIV/0! | P8: =AVERAGE(N8:O8) -> #DIV/0! | S8: =AVERAGE(Q8:R8) -> #DIV/0! | T8: =(0.4*F8)+(0.2*I8)+(0.15*M8)+(0.15*P8)+(0.1*S8) -> #DIV/0! | V8: 1 | W8: =IF(V8>=30,"87",IF(V8>=25,"84",IF(V8>=20,"81",IF(V8>=15,"78","60")))) -> 60 | Z8: =AVERAGE(X8:Y8) -> #DIV/0! | AC8: =AVERAGE(AA8:AB8) -> #DIV/0! | AF8: =AVERAGE(AD8:AE8) -> #DIV/0! | AI8: =AVERAGE(AG8:AH8) -> #DIV/0! | AJ8: =(0.4*W8)+(0.2*Z8)+(0.15*AC8)+(0.15*AF8)+(0.1*AI8) -> #DIV/0! | AL8: 1 | AM8: =IF(AL8>=30,"87",IF(AL8>=25,"84",IF(AL8>=20,"81",IF(AL8>=15,"78","60")))) -> 60 | AP8: =AVERAGE(AN8:AO8) -> #DIV/0! | AS8: =AVERAGE(AQ8:AR8) -> #DIV/0! | AV8: =AVERAGE(AT8:AU8) -> #DIV/0! | AY8: =AVERAGE(AW8:AX8) -> #DIV/0! | AZ8: =(0.4*AM8)+(0.2*AP8)+(0.15*AS8)+(0.15*AV8)+(0.1*AY8) -> #DIV/0!
A9: =D.SISWA!A9 -> 4 | B9: =D.SISWA!B9 -> 242501004 | C9: =D.SISWA!C9 -> FAJAR MAULANA NUGRAHA | D9: =D.SISWA!D9 -> XI ACP | E9: 2 | F9: =IF(E9>=30,"87",IF(E9>=25,"84",IF(E9>=20,"81",IF(E9>=15,"78","60")))) -> 60 | I9: =AVERAGE(G9:H9) -> #DIV/0! | M9: =AVERAGE(J9:L9) -> #DIV/0! | P9: =AVERAGE(N9:O9) -> #DIV/0! | S9: =AVERAGE(Q9:R9) -> #DIV/0! | T9: =(0.4*F9)+(0.2*I9)+(0.15*M9)+(0.15*P9)+(0.1*S9) -> #DIV/0! | V9: 1 | W9: =IF(V9>=30,"87",IF(V9>=25,"84",IF(V9>=20,"81",IF(V9>=15,"78","60")))) -> 60 | Z9: =AVERAGE(X9:Y9) -> #DIV/0! | AC9: =AVERAGE(AA9:AB9) -> #DIV/0! | AF9: =AVERAGE(AD9:AE9) -> #DIV/0! | AI9: =AVERAGE(AG9:AH9) -> #DIV/0! | AJ9: =(0.4*W9)+(0.2*Z9)+(0.15*AC9)+(0.15*AF9)+(0.1*AI9) -> #DIV/0! | AL9: 1 | AM9: =IF(AL9>=30,"87",IF(AL9>=25,"84",IF(AL9>=20,"81",IF(AL9>=15,"78","60")))) -> 60 | AP9: =AVERAGE(AN9:AO9) -> #DIV/0! | AS9: =AVERAGE(AQ9:AR9) -> #DIV/0! | AV9: =AVERAGE(AT9:AU9) -> #DIV/0! | AY9: =AVERAGE(AW9:AX9) -> #DIV/0! | AZ9: =(0.4*AM9)+(0.2*AP9)+(0.15*AS9)+(0.15*AV9)+(0.1*AY9) -> #DIV/0!
A10: =D.SISWA!A10 -> 5 | B10: =D.SISWA!B10 -> 242501105 | C10: =D.SISWA!C10 -> KHANSA AZRIZA | D10: =D.SISWA!D10 -> XI ACP | E10: 2 | F10: =IF(E10>=30,"87",IF(E10>=25,"84",IF(E10>=20,"81",IF(E10>=15,"78","60")))) -> 60 | I10: =AVERAGE(G10:H10) -> #DIV/0! | M10: =AVERAGE(J10:L10) -> #DIV/0! | P10: =AVERAGE(N10:O10) -> #DIV/0! | S10: =AVERAGE(Q10:R10) -> #DIV/0! | T10: =(0.4*F10)+(0.2*I10)+(0.15*M10)+(0.15*P10)+(0.1*S10) -> #DIV/0! | V10: 1 | W10: =IF(V10>=30,"87",IF(V10>=25,"84",IF(V10>=20,"81",IF(V10>=15,"78","60")))) -> 60 | Z10: =AVERAGE(X10:Y10) -> #DIV/0! | AC10: =AVERAGE(AA10:AB10) -> #DIV/0! | AF10: =AVERAGE(AD10:AE10) -> #DIV/0! | AI10: =AVERAGE(AG10:AH10) -> #DIV/0! | AJ10: =(0.4*W10)+(0.2*Z10)+(0.15*AC10)+(0.15*AF10)+(0.1*AI10) -> #DIV/0! | AL10: 1 | AM10: =IF(AL10>=30,"87",IF(AL10>=25,"84",IF(AL10>=20,"81",IF(AL10>=15,"78","60")))) -> 60 | AP10: =AVERAGE(AN10:AO10) -> #DIV/0! | AS10: =AVERAGE(AQ10:AR10) -> #DIV/0! | AV10: =AVERAGE(AT10:AU10) -> #DIV/0! | AY10: =AVERAGE(AW10:AX10) -> #DIV/0! | AZ10: =(0.4*AM10)+(0.2*AP10)+(0.15*AS10)+(0.15*AV10)+(0.1*AY10) -> #DIV/0!
A11: =D.SISWA!A11 -> 6 | B11: =D.SISWA!B11 -> 242501005 | C11: =D.SISWA!C11 -> RAYA AULIA NAJMI | D11: =D.SISWA!D11 -> XI ACP | E11: 1 | F11: =IF(E11>=30,"87",IF(E11>=25,"84",IF(E11>=20,"81",IF(E11>=15,"78","60")))) -> 60 | I11: =AVERAGE(G11:H11) -> #DIV/0! | M11: =AVERAGE(J11:L11) -> #DIV/0! | P11: =AVERAGE(N11:O11) -> #DIV/0! | S11: =AVERAGE(Q11:R11) -> #DIV/0! | T11: =(0.4*F11)+(0.2*I11)+(0.15*M11)+(0.15*P11)+(0.1*S11) -> #DIV/0! | V11: 0 | W11: =IF(V11>=30,"87",IF(V11>=25,"84",IF(V11>=20,"81",IF(V11>=15,"78","60")))) -> 60 | Z11: =AVERAGE(X11:Y11) -> #DIV/0! | AC11: =AVERAGE(AA11:AB11) -> #DIV/0! | AF11: =AVERAGE(AD11:AE11) -> #DIV/0! | AI11: =AVERAGE(AG11:AH11) -> #DIV/0! | AJ11: =(0.4*W11)+(0.2*Z11)+(0.15*AC11)+(0.15*AF11)+(0.1*AI11) -> #DIV/0! | AL11: 0 | AM11: =IF(AL11>=30,"87",IF(AL11>=25,"84",IF(AL11>=20,"81",IF(AL11>=15,"78","60")))) -> 60 | AP11: =AVERAGE(AN11:AO11) -> #DIV/0! | AS11: =AVERAGE(AQ11:AR11) -> #DIV/0! | AV11: =AVERAGE(AT11:AU11) -> #DIV/0! | AY11: =AVERAGE(AW11:AX11) -> #DIV/0! | AZ11: =(0.4*AM11)+(0.2*AP11)+(0.15*AS11)+(0.15*AV11)+(0.1*AY11) -> #DIV/0!
A12: =D.SISWA!A12 -> 7 | B12: =D.SISWA!B12 -> 242501006 | C12: =D.SISWA!C12 -> SARAH ANGGI APIKA Z | D12: =D.SISWA!D12 -> XI ACP | E12: 1 | F12: =IF(E12>=30,"87",IF(E12>=25,"84",IF(E12>=20,"81",IF(E12>=15,"78","60")))) -> 60 | I12: =AVERAGE(G12:H12) -> #DIV/0! | M12: =AVERAGE(J12:L12) -> #DIV/0! | P12: =AVERAGE(N12:O12) -> #DIV/0! | S12: =AVERAGE(Q12:R12) -> #DIV/0! | T12: =(0.4*F12)+(0.2*I12)+(0.15*M12)+(0.15*P12)+(0.1*S12) -> #DIV/0! | V12: 0 | W12: =IF(V12>=30,"87",IF(V12>=25,"84",IF(V12>=20,"81",IF(V12>=15,"78","60")))) -> 60 | Z12: =AVERAGE(X12:Y12) -> #DIV/0! | AC12: =AVERAGE(AA12:AB12) -> #DIV/0! | AF12: =AVERAGE(AD12:AE12) -> #DIV/0! | AI12: =AVERAGE(AG12:AH12) -> #DIV/0! | AJ12: =(0.4*W12)+(0.2*Z12)+(0.15*AC12)+(0.15*AF12)+(0.1*AI12) -> #DIV/0! | AL12: 0 | AM12: =IF(AL12>=30,"87",IF(AL12>=25,"84",IF(AL12>=20,"81",IF(AL12>=15,"78","60")))) -> 60 | AP12: =AVERAGE(AN12:AO12) -> #DIV/0! | AS12: =AVERAGE(AQ12:AR12) -> #DIV/0! | AV12: =AVERAGE(AT12:AU12) -> #DIV/0! | AY12: =AVERAGE(AW12:AX12) -> #DIV/0! | AZ12: =(0.4*AM12)+(0.2*AP12)+(0.15*AS12)+(0.15*AV12)+(0.1*AY12) -> #DIV/0!
A13: =D.SISWA!A13 -> 8 | B13: =D.SISWA!B13 -> 242501007 | C13: =D.SISWA!C13 -> REINHART IMANUEL ARITONANG | D13: =D.SISWA!D13 -> XI ACP | E13: 2 | F13: =IF(E13>=30,"87",IF(E13>=25,"84",IF(E13>=20,"81",IF(E13>=15,"78","60")))) -> 60 | I13: =AVERAGE(G13:H13) -> #DIV/0! | M13: =AVERAGE(J13:L13) -> #DIV/0! | P13: =AVERAGE(N13:O13) -> #DIV/0! | S13: =AVERAGE(Q13:R13) -> #DIV/0! | T13: =(0.4*F13)+(0.2*I13)+(0.15*M13)+(0.15*P13)+(0.1*S13) -> #DIV/0! | V13: 1 | W13: =IF(V13>=30,"87",IF(V13>=25,"84",IF(V13>=20,"81",IF(V13>=15,"78","60")))) -> 60 | Z13: =AVERAGE(X13:Y13) -> #DIV/0! | AC13: =AVERAGE(AA13:AB13) -> #DIV/0! | AF13: =AVERAGE(AD13:AE13) -> #DIV/0! | AI13: =AVERAGE(AG13:AH13) -> #DIV/0! | AJ13: =(0.4*W13)+(0.2*Z13)+(0.15*AC13)+(0.15*AF13)+(0.1*AI13) -> #DIV/0! | AL13: 1 | AM13: =IF(AL13>=30,"87",IF(AL13>=25,"84",IF(AL13>=20,"81",IF(AL13>=15,"78","60")))) -> 60 | AP13: =AVERAGE(AN13:AO13) -> #DIV/0! | AS13: =AVERAGE(AQ13:AR13) -> #DIV/0! | AV13: =AVERAGE(AT13:AU13) -> #DIV/0! | AY13: =AVERAGE(AW13:AX13) -> #DIV/0! | AZ13: =(0.4*AM13)+(0.2*AP13)+(0.15*AS13)+(0.15*AV13)+(0.1*AY13) -> #DIV/0!
A14: =D.SISWA!A14 -> 9 | B14: =D.SISWA!B14 -> 242501008 | C14: =D.SISWA!C14 -> RIVQI WILIAWAN | D14: =D.SISWA!D14 -> XI ACP | E14: 2 | F14: =IF(E14>=30,"87",IF(E14>=25,"84",IF(E14>=20,"81",IF(E14>=15,"78","60")))) -> 60 | I14: =AVERAGE(G14:H14) -> #DIV/0! | M14: =AVERAGE(J14:L14) -> #DIV/0! | P14: =AVERAGE(N14:O14) -> #DIV/0! | S14: =AVERAGE(Q14:R14) -> #DIV/0! | T14: =(0.4*F14)+(0.2*I14)+(0.15*M14)+(0.15*P14)+(0.1*S14) -> #DIV/0! | V14: 1 | W14: =IF(V14>=30,"87",IF(V14>=25,"84",IF(V14>=20,"81",IF(V14>=15,"78","60")))) -> 60 | Z14: =AVERAGE(X14:Y14) -> #DIV/0! | AC14: =AVERAGE(AA14:AB14) -> #DIV/0! | AF14: =AVERAGE(AD14:AE14) -> #DIV/0! | AI14: =AVERAGE(AG14:AH14) -> #DIV/0! | AJ14: =(0.4*W14)+(0.2*Z14)+(0.15*AC14)+(0.15*AF14)+(0.1*AI14) -> #DIV/0! | AL14: 1 | AM14: =IF(AL14>=30,"87",IF(AL14>=25,"84",IF(AL14>=20,"81",IF(AL14>=15,"78","60")))) -> 60 | AP14: =AVERAGE(AN14:AO14) -> #DIV/0! | AS14: =AVERAGE(AQ14:AR14) -> #DIV/0! | AV14: =AVERAGE(AT14:AU14) -> #DIV/0! | AY14: =AVERAGE(AW14:AX14) -> #DIV/0! | AZ14: =(0.4*AM14)+(0.2*AP14)+(0.15*AS14)+(0.15*AV14)+(0.1*AY14) -> #DIV/0!
A15: =D.SISWA!A15 -> 10 | B15: =D.SISWA!B15 -> 242502116 | C15: =D.SISWA!C15 -> SRI RAHAYU | D15: =D.SISWA!D15 -> XI ACP | E15: 2 | F15: =IF(E15>=30,"87",IF(E15>=25,"84",IF(E15>=20,"81",IF(E15>=15,"78","60")))) -> 60 | I15: =AVERAGE(G15:H15) -> #DIV/0! | M15: =AVERAGE(J15:L15) -> #DIV/0! | P15: =AVERAGE(N15:O15) -> #DIV/0! | S15: =AVERAGE(Q15:R15) -> #DIV/0! | T15: =(0.4*F15)+(0.2*I15)+(0.15*M15)+(0.15*P15)+(0.1*S15) -> #DIV/0! | V15: 1 | W15: =IF(V15>=30,"87",IF(V15>=25,"84",IF(V15>=20,"81",IF(V15>=15,"78","60")))) -> 60 | Z15: =AVERAGE(X15:Y15) -> #DIV/0! | AC15: =AVERAGE(AA15:AB15) -> #DIV/0! | AF15: =AVERAGE(AD15:AE15) -> #DIV/0! | AI15: =AVERAGE(AG15:AH15) -> #DIV/0! | AJ15: =(0.4*W15)+(0.2*Z15)+(0.15*AC15)+(0.15*AF15)+(0.1*AI15) -> #DIV/0! | AL15: 1 | AM15: =IF(AL15>=30,"87",IF(AL15>=25,"84",IF(AL15>=20,"81",IF(AL15>=15,"78","60")))) -> 60 | AP15: =AVERAGE(AN15:AO15) -> #DIV/0! | AS15: =AVERAGE(AQ15:AR15) -> #DIV/0! | AV15: =AVERAGE(AT15:AU15) -> #DIV/0! | AY15: =AVERAGE(AW15:AX15) -> #DIV/0! | AZ15: =(0.4*AM15)+(0.2*AP15)+(0.15*AS15)+(0.15*AV15)+(0.1*AY15) -> #DIV/0!
A16: =D.SISWA!A16 -> 11 | B16: =D.SISWA!B16 -> 242501009 | C16: =D.SISWA!C16 -> ZALZA BYLLA OKTAFEVIYANA | D16: =D.SISWA!D16 -> XI ACP | E16: 2 | F16: =IF(E16>=30,"87",IF(E16>=25,"84",IF(E16>=20,"81",IF(E16>=15,"78","60")))) -> 60 | I16: =AVERAGE(G16:H16) -> #DIV/0! | M16: =AVERAGE(J16:L16) -> #DIV/0! | P16: =AVERAGE(N16:O16) -> #DIV/0! | S16: =AVERAGE(Q16:R16) -> #DIV/0! | T16: =(0.4*F16)+(0.2*I16)+(0.15*M16)+(0.15*P16)+(0.1*S16) -> #DIV/0! | V16: 1 | W16: =IF(V16>=30,"87",IF(V16>=25,"84",IF(V16>=20,"81",IF(V16>=15,"78","60")))) -> 60 | Z16: =AVERAGE(X16:Y16) -> #DIV/0! | AC16: =AVERAGE(AA16:AB16) -> #DIV/0! | AF16: =AVERAGE(AD16:AE16) -> #DIV/0! | AI16: =AVERAGE(AG16:AH16) -> #DIV/0! | AJ16: =(0.4*W16)+(0.2*Z16)+(0.15*AC16)+(0.15*AF16)+(0.1*AI16) -> #DIV/0! | AL16: 1 | AM16: =IF(AL16>=30,"87",IF(AL16>=25,"84",IF(AL16>=20,"81",IF(AL16>=15,"78","60")))) -> 60 | AP16: =AVERAGE(AN16:AO16) -> #DIV/0! | AS16: =AVERAGE(AQ16:AR16) -> #DIV/0! | AV16: =AVERAGE(AT16:AU16) -> #DIV/0! | AY16: =AVERAGE(AW16:AX16) -> #DIV/0! | AZ16: =(0.4*AM16)+(0.2*AP16)+(0.15*AS16)+(0.15*AV16)+(0.1*AY16) -> #DIV/0!
A17: =D.SISWA!A17 -> 12 | B17: =D.SISWA!B17 -> 242501010 | C17: =D.SISWA!C17 -> ABDUL EPAN | D17: =D.SISWA!D17 -> XI RPL | E17: 5 | F17: =IF(E17>=30,"87",IF(E17>=25,"84",IF(E17>=20,"81",IF(E17>=15,"78","60")))) -> 60 | G17: 80 | H17: 82 | I17: =AVERAGE(G17:H17) -> 81 | M17: =AVERAGE(J17:L17) -> #DIV/0! | P17: =AVERAGE(N17:O17) -> #DIV/0! | S17: =AVERAGE(Q17:R17) -> #DIV/0! | T17: =(0.4*F17)+(0.1*I17)+(0.2*M17)+(0.15*P17)+(0.15*S17) -> #DIV/0! | V17: 1 | W17: =IF(V17>=30,"87",IF(V17>=25,"84",IF(V17>=20,"81",IF(V17>=15,"78","60")))) -> 60 | Z17: =AVERAGE(X17:Y17) -> #DIV/0! | AC17: =AVERAGE(AA17:AB17) -> #DIV/0! | AF17: =AVERAGE(AD17:AE17) -> #DIV/0! | AI17: =AVERAGE(AG17:AH17) -> #DIV/0! | AJ17: =(0.4*W17)+(0.1*Z17)+(0.2*AC17)+(0.15*AF17)+(0.15*AI17) -> #DIV/0! | AM17: =IF(AL17>=30,"87",IF(AL17>=25,"84",IF(AL17>=20,"81",IF(AL17>=15,"78","60")))) -> 60 | AP17: =AVERAGE(AN17:AO17) -> #DIV/0! | AS17: =AVERAGE(AQ17:AR17) -> #DIV/0! | AV17: =AVERAGE(AT17:AU17) -> #DIV/0! | AY17: =AVERAGE(AW17:AX17) -> #DIV/0! | AZ17: =(0.4*AM17)+(0.1*AP17)+(0.2*AS17)+(0.15*AV17)+(0.15*AY17) -> #DIV/0!
A18: =D.SISWA!A18 -> 13 | B18: =D.SISWA!B18 -> 242501011 | C18: =D.SISWA!C18 -> ALI SATRIYA BAYU | D18: =D.SISWA!D18 -> XI RPL | E18: 5 | F18: =IF(E18>=30,"87",IF(E18>=25,"84",IF(E18>=20,"81",IF(E18>=15,"78","60")))) -> 60 | G18: 80 | H18: 80 | I18: =AVERAGE(G18:H18) -> 80 | M18: =AVERAGE(J18:L18) -> #DIV/0! | P18: =AVERAGE(N18:O18) -> #DIV/0! | S18: =AVERAGE(Q18:R18) -> #DIV/0! | T18: =(0.4*F18)+(0.1*I18)+(0.2*M18)+(0.15*P18)+(0.15*S18) -> #DIV/0! | V18: 1 | W18: =IF(V18>=30,"87",IF(V18>=25,"84",IF(V18>=20,"81",IF(V18>=15,"78","60")))) -> 60 | Z18: =AVERAGE(X18:Y18) -> #DIV/0! | AC18: =AVERAGE(AA18:AB18) -> #DIV/0! | AF18: =AVERAGE(AD18:AE18) -> #DIV/0! | AI18: =AVERAGE(AG18:AH18) -> #DIV/0! | AJ18: =(0.4*W18)+(0.1*Z18)+(0.2*AC18)+(0.15*AF18)+(0.15*AI18) -> #DIV/0! | AM18: =IF(AL18>=30,"87",IF(AL18>=25,"84",IF(AL18>=20,"81",IF(AL18>=15,"78","60")))) -> 60 | AP18: =AVERAGE(AN18:AO18) -> #DIV/0! | AS18: =AVERAGE(AQ18:AR18) -> #DIV/0! | AV18: =AVERAGE(AT18:AU18) -> #DIV/0! | AY18: =AVERAGE(AW18:AX18) -> #DIV/0! | AZ18: =(0.4*AM18)+(0.1*AP18)+(0.2*AS18)+(0.15*AV18)+(0.15*AY18) -> #DIV/0!
A19: =D.SISWA!A19 -> 14 | B19: =D.SISWA!B19 -> 242501012 | C19: =D.SISWA!C19 -> DAVIN ARYA PUTRA | D19: =D.SISWA!D19 -> XI RPL | E19: 3 | F19: =IF(E19>=30,"87",IF(E19>=25,"84",IF(E19>=20,"81",IF(E19>=15,"78","60")))) -> 60 | G19: 80 | H19: 82 | I19: =AVERAGE(G19:H19) -> 81 | M19: =AVERAGE(J19:L19) -> #DIV/0! | P19: =AVERAGE(N19:O19) -> #DIV/0! | S19: =AVERAGE(Q19:R19) -> #DIV/0! | T19: =(0.4*F19)+(0.1*I19)+(0.2*M19)+(0.15*P19)+(0.15*S19) -> #DIV/0! | V19: 0 | W19: =IF(V19>=30,"87",IF(V19>=25,"84",IF(V19>=20,"81",IF(V19>=15,"78","60")))) -> 60 | Z19: =AVERAGE(X19:Y19) -> #DIV/0! | AC19: =AVERAGE(AA19:AB19) -> #DIV/0! | AF19: =AVERAGE(AD19:AE19) -> #DIV/0! | AI19: =AVERAGE(AG19:AH19) -> #DIV/0! | AJ19: =(0.4*W19)+(0.1*Z19)+(0.2*AC19)+(0.15*AF19)+(0.15*AI19) -> #DIV/0! | AM19: =IF(AL19>=30,"87",IF(AL19>=25,"84",IF(AL19>=20,"81",IF(AL19>=15,"78","60")))) -> 60 | AP19: =AVERAGE(AN19:AO19) -> #DIV/0! | AS19: =AVERAGE(AQ19:AR19) -> #DIV/0! | AV19: =AVERAGE(AT19:AU19) -> #DIV/0! | AY19: =AVERAGE(AW19:AX19) -> #DIV/0! | AZ19: =(0.4*AM19)+(0.1*AP19)+(0.2*AS19)+(0.15*AV19)+(0.15*AY19) -> #DIV/0!
A20: =D.SISWA!A20 -> 15 | B20: =D.SISWA!B20 -> 242501013 | C20: =D.SISWA!C20 -> DEVANA APRILIYANO ALAMSYAH | D20: =D.SISWA!D20 -> XI RPL | E20: 0 | F20: =IF(E20>=30,"87",IF(E20>=25,"84",IF(E20>=20,"81",IF(E20>=15,"78","60")))) -> 60 | I20: =AVERAGE(G20:H20) -> #DIV/0! | M20: =AVERAGE(J20:L20) -> #DIV/0! | P20: =AVERAGE(N20:O20) -> #DIV/0! | S20: =AVERAGE(Q20:R20) -> #DIV/0! | T20: =(0.4*F20)+(0.1*I20)+(0.2*M20)+(0.15*P20)+(0.15*S20) -> #DIV/0! | V20: 1 | W20: =IF(V20>=30,"87",IF(V20>=25,"84",IF(V20>=20,"81",IF(V20>=15,"78","60")))) -> 60 | Z20: =AVERAGE(X20:Y20) -> #DIV/0! | AC20: =AVERAGE(AA20:AB20) -> #DIV/0! | AF20: =AVERAGE(AD20:AE20) -> #DIV/0! | AI20: =AVERAGE(AG20:AH20) -> #DIV/0! | AJ20: =(0.4*W20)+(0.1*Z20)+(0.2*AC20)+(0.15*AF20)+(0.15*AI20) -> #DIV/0! | AM20: =IF(AL20>=30,"87",IF(AL20>=25,"84",IF(AL20>=20,"81",IF(AL20>=15,"78","60")))) -> 60 | AP20: =AVERAGE(AN20:AO20) -> #DIV/0! | AS20: =AVERAGE(AQ20:AR20) -> #DIV/0! | AV20: =AVERAGE(AT20:AU20) -> #DIV/0! | AY20: =AVERAGE(AW20:AX20) -> #DIV/0! | AZ20: =(0.4*AM20)+(0.1*AP20)+(0.2*AS20)+(0.15*AV20)+(0.15*AY20) -> #DIV/0!
A21: =D.SISWA!A21 -> 16 | B21: =D.SISWA!B21 -> 242501014 | C21: =D.SISWA!C21 -> EVANDRA NOER AREZKY | D21: =D.SISWA!D21 -> XI RPL | E21: 4 | F21: =IF(E21>=30,"87",IF(E21>=25,"84",IF(E21>=20,"81",IF(E21>=15,"78","60")))) -> 60 | I21: =AVERAGE(G21:H21) -> #DIV/0! | M21: =AVERAGE(J21:L21) -> #DIV/0! | P21: =AVERAGE(N21:O21) -> #DIV/0! | S21: =AVERAGE(Q21:R21) -> #DIV/0! | T21: =(0.4*F21)+(0.1*I21)+(0.2*M21)+(0.15*P21)+(0.15*S21) -> #DIV/0! | V21: 1 | W21: =IF(V21>=30,"87",IF(V21>=25,"84",IF(V21>=20,"81",IF(V21>=15,"78","60")))) -> 60 | Z21: =AVERAGE(X21:Y21) -> #DIV/0! | AC21: =AVERAGE(AA21:AB21) -> #DIV/0! | AF21: =AVERAGE(AD21:AE21) -> #DIV/0! | AI21: =AVERAGE(AG21:AH21) -> #DIV/0! | AJ21: =(0.4*W21)+(0.1*Z21)+(0.2*AC21)+(0.15*AF21)+(0.15*AI21) -> #DIV/0! | AM21: =IF(AL21>=30,"87",IF(AL21>=25,"84",IF(AL21>=20,"81",IF(AL21>=15,"78","60")))) -> 60 | AP21: =AVERAGE(AN21:AO21) -> #DIV/0! | AS21: =AVERAGE(AQ21:AR21) -> #DIV/0! | AV21: =AVERAGE(AT21:AU21) -> #DIV/0! | AY21: =AVERAGE(AW21:AX21) -> #DIV/0! | AZ21: =(0.4*AM21)+(0.1*AP21)+(0.2*AS21)+(0.15*AV21)+(0.15*AY21) -> #DIV/0!
A22: =D.SISWA!A22 -> 17 | B22: =D.SISWA!B22 -> 242501015 | C22: =D.SISWA!C22 -> EZAR RADITYA GUNAWAN | D22: =D.SISWA!D22 -> XI RPL | E22: 5 | F22: =IF(E22>=30,"87",IF(E22>=25,"84",IF(E22>=20,"81",IF(E22>=15,"78","60")))) -> 60 | H22: 80 | I22: =AVERAGE(G22:H22) -> 80 | M22: =AVERAGE(J22:L22) -> #DIV/0! | P22: =AVERAGE(N22:O22) -> #DIV/0! | S22: =AVERAGE(Q22:R22) -> #DIV/0! | T22: =(0.4*F22)+(0.1*I22)+(0.2*M22)+(0.15*P22)+(0.15*S22) -> #DIV/0! | V22: 1 | W22: =IF(V22>=30,"87",IF(V22>=25,"84",IF(V22>=20,"81",IF(V22>=15,"78","60")))) -> 60 | Z22: =AVERAGE(X22:Y22) -> #DIV/0! | AC22: =AVERAGE(AA22:AB22) -> #DIV/0! | AF22: =AVERAGE(AD22:AE22) -> #DIV/0! | AI22: =AVERAGE(AG22:AH22) -> #DIV/0! | AJ22: =(0.4*W22)+(0.1*Z22)+(0.2*AC22)+(0.15*AF22)+(0.15*AI22) -> #DIV/0! | AM22: =IF(AL22>=30,"87",IF(AL22>=25,"84",IF(AL22>=20,"81",IF(AL22>=15,"78","60")))) -> 60 | AP22: =AVERAGE(AN22:AO22) -> #DIV/0! | AS22: =AVERAGE(AQ22:AR22) -> #DIV/0! | AV22: =AVERAGE(AT22:AU22) -> #DIV/0! | AY22: =AVERAGE(AW22:AX22) -> #DIV/0! | AZ22: =(0.4*AM22)+(0.1*AP22)+(0.2*AS22)+(0.15*AV22)+(0.15*AY22) -> #DIV/0!
A23: =D.SISWA!A23 -> 18 | B23: =D.SISWA!B23 -> 242501016 | C23: =D.SISWA!C23 -> FAHMI ABDULRAHMAN | D23: =D.SISWA!D23 -> XI RPL | E23: 4 | F23: =IF(E23>=30,"87",IF(E23>=25,"84",IF(E23>=20,"81",IF(E23>=15,"78","60")))) -> 60 | G23: 80 | H23: 80 | I23: =AVERAGE(G23:H23) -> 80 | M23: =AVERAGE(J23:L23) -> #DIV/0! | P23: =AVERAGE(N23:O23) -> #DIV/0! | S23: =AVERAGE(Q23:R23) -> #DIV/0! | T23: =(0.4*F23)+(0.1*I23)+(0.2*M23)+(0.15*P23)+(0.15*S23) -> #DIV/0! | V23: 1 | W23: =IF(V23>=30,"87",IF(V23>=25,"84",IF(V23>=20,"81",IF(V23>=15,"78","60")))) -> 60 | Z23: =AVERAGE(X23:Y23) -> #DIV/0! | AC23: =AVERAGE(AA23:AB23) -> #DIV/0! | AF23: =AVERAGE(AD23:AE23) -> #DIV/0! | AI23: =AVERAGE(AG23:AH23) -> #DIV/0! | AJ23: =(0.4*W23)+(0.1*Z23)+(0.2*AC23)+(0.15*AF23)+(0.15*AI23) -> #DIV/0! | AM23: =IF(AL23>=30,"87",IF(AL23>=25,"84",IF(AL23>=20,"81",IF(AL23>=15,"78","60")))) -> 60 | AP23: =AVERAGE(AN23:AO23) -> #DIV/0! | AS23: =AVERAGE(AQ23:AR23) -> #DIV/0! | AV23: =AVERAGE(AT23:AU23) -> #DIV/0! | AY23: =AVERAGE(AW23:AX23) -> #DIV/0! | AZ23: =(0.4*AM23)+(0.1*AP23)+(0.2*AS23)+(0.15*AV23)+(0.15*AY23) -> #DIV/0!
A24: =D.SISWA!A24 -> 19 | B24: =D.SISWA!B24 -> 242501017 | C24: =D.SISWA!C24 -> FARIZ ALBA | D24: =D.SISWA!D24 -> XI RPL | E24: 4 | F24: =IF(E24>=30,"87",IF(E24>=25,"84",IF(E24>=20,"81",IF(E24>=15,"78","60")))) -> 60 | G24: 80 | H24: 82 | I24: =AVERAGE(G24:H24) -> 81 | M24: =AVERAGE(J24:L24) -> #DIV/0! | P24: =AVERAGE(N24:O24) -> #DIV/0! | S24: =AVERAGE(Q24:R24) -> #DIV/0! | T24: =(0.4*F24)+(0.1*I24)+(0.2*M24)+(0.15*P24)+(0.15*S24) -> #DIV/0! | V24: 0 | W24: =IF(V24>=30,"87",IF(V24>=25,"84",IF(V24>=20,"81",IF(V24>=15,"78","60")))) -> 60 | Z24: =AVERAGE(X24:Y24) -> #DIV/0! | AC24: =AVERAGE(AA24:AB24) -> #DIV/0! | AF24: =AVERAGE(AD24:AE24) -> #DIV/0! | AI24: =AVERAGE(AG24:AH24) -> #DIV/0! | AJ24: =(0.4*W24)+(0.1*Z24)+(0.2*AC24)+(0.15*AF24)+(0.15*AI24) -> #DIV/0! | AM24: =IF(AL24>=30,"87",IF(AL24>=25,"84",IF(AL24>=20,"81",IF(AL24>=15,"78","60")))) -> 60 | AP24: =AVERAGE(AN24:AO24) -> #DIV/0! | AS24: =AVERAGE(AQ24:AR24) -> #DIV/0! | AV24: =AVERAGE(AT24:AU24) -> #DIV/0! | AY24: =AVERAGE(AW24:AX24) -> #DIV/0! | AZ24: =(0.4*AM24)+(0.1*AP24)+(0.2*AS24)+(0.15*AV24)+(0.15*AY24) -> #DIV/0!
A25: =D.SISWA!A25 -> 20 | B25: =D.SISWA!B25 -> 242501018 | C25: =D.SISWA!C25 -> GIA ANANDA SAFITRI | D25: =D.SISWA!D25 -> XI RPL | E25: 4 | F25: =IF(E25>=30,"87",IF(E25>=25,"84",IF(E25>=20,"81",IF(E25>=15,"78","60")))) -> 60 | G25: 80 | I25: =AVERAGE(G25:H25) -> 80 | M25: =AVERAGE(J25:L25) -> #DIV/0! | P25: =AVERAGE(N25:O25) -> #DIV/0! | S25: =AVERAGE(Q25:R25) -> #DIV/0! | T25: =(0.4*F25)+(0.1*I25)+(0.2*M25)+(0.15*P25)+(0.15*S25) -> #DIV/0! | V25: 1 | W25: =IF(V25>=30,"87",IF(V25>=25,"84",IF(V25>=20,"81",IF(V25>=15,"78","60")))) -> 60 | Z25: =AVERAGE(X25:Y25) -> #DIV/0! | AC25: =AVERAGE(AA25:AB25) -> #DIV/0! | AF25: =AVERAGE(AD25:AE25) -> #DIV/0! | AI25: =AVERAGE(AG25:AH25) -> #DIV/0! | AJ25: =(0.4*W25)+(0.1*Z25)+(0.2*AC25)+(0.15*AF25)+(0.15*AI25) -> #DIV/0! | AM25: =IF(AL25>=30,"87",IF(AL25>=25,"84",IF(AL25>=20,"81",IF(AL25>=15,"78","60")))) -> 60 | AP25: =AVERAGE(AN25:AO25) -> #DIV/0! | AS25: =AVERAGE(AQ25:AR25) -> #DIV/0! | AV25: =AVERAGE(AT25:AU25) -> #DIV/0! | AY25: =AVERAGE(AW25:AX25) -> #DIV/0! | AZ25: =(0.4*AM25)+(0.1*AP25)+(0.2*AS25)+(0.15*AV25)+(0.15*AY25) -> #DIV/0!
A26: =D.SISWA!A26 -> 21 | B26: =D.SISWA!B26 -> 242501019 | C26: =D.SISWA!C26 -> HAIKAL BUDIANSYAH | D26: =D.SISWA!D26 -> XI RPL | E26: 4 | F26: =IF(E26>=30,"87",IF(E26>=25,"84",IF(E26>=20,"81",IF(E26>=15,"78","60")))) -> 60 | H26: 80 | I26: =AVERAGE(G26:H26) -> 80 | M26: =AVERAGE(J26:L26) -> #DIV/0! | P26: =AVERAGE(N26:O26) -> #DIV/0! | S26: =AVERAGE(Q26:R26) -> #DIV/0! | T26: =(0.4*F26)+(0.1*I26)+(0.2*M26)+(0.15*P26)+(0.15*S26) -> #DIV/0! | V26: 0 | W26: =IF(V26>=30,"87",IF(V26>=25,"84",IF(V26>=20,"81",IF(V26>=15,"78","60")))) -> 60 | Z26: =AVERAGE(X26:Y26) -> #DIV/0! | AC26: =AVERAGE(AA26:AB26) -> #DIV/0! | AF26: =AVERAGE(AD26:AE26) -> #DIV/0! | AI26: =AVERAGE(AG26:AH26) -> #DIV/0! | AJ26: =(0.4*W26)+(0.1*Z26)+(0.2*AC26)+(0.15*AF26)+(0.15*AI26) -> #DIV/0! | AM26: =IF(AL26>=30,"87",IF(AL26>=25,"84",IF(AL26>=20,"81",IF(AL26>=15,"78","60")))) -> 60 | AP26: =AVERAGE(AN26:AO26) -> #DIV/0! | AS26: =AVERAGE(AQ26:AR26) -> #DIV/0! | AV26: =AVERAGE(AT26:AU26) -> #DIV/0! | AY26: =AVERAGE(AW26:AX26) -> #DIV/0! | AZ26: =(0.4*AM26)+(0.1*AP26)+(0.2*AS26)+(0.15*AV26)+(0.15*AY26) -> #DIV/0!
A27: =D.SISWA!A27 -> 22 | B27: =D.SISWA!B27 -> 242501020 | C27: =D.SISWA!C27 -> INDRI ANGGRAENI | D27: =D.SISWA!D27 -> XI RPL | E27: 5 | F27: =IF(E27>=30,"87",IF(E27>=25,"84",IF(E27>=20,"81",IF(E27>=15,"78","60")))) -> 60 | G27: 80 | H27: 82 | I27: =AVERAGE(G27:H27) -> 81 | M27: =AVERAGE(J27:L27) -> #DIV/0! | P27: =AVERAGE(N27:O27) -> #DIV/0! | S27: =AVERAGE(Q27:R27) -> #DIV/0! | T27: =(0.4*F27)+(0.1*I27)+(0.2*M27)+(0.15*P27)+(0.15*S27) -> #DIV/0! | V27: 1 | W27: =IF(V27>=30,"87",IF(V27>=25,"84",IF(V27>=20,"81",IF(V27>=15,"78","60")))) -> 60 | Z27: =AVERAGE(X27:Y27) -> #DIV/0! | AC27: =AVERAGE(AA27:AB27) -> #DIV/0! | AF27: =AVERAGE(AD27:AE27) -> #DIV/0! | AI27: =AVERAGE(AG27:AH27) -> #DIV/0! | AJ27: =(0.4*W27)+(0.1*Z27)+(0.2*AC27)+(0.15*AF27)+(0.15*AI27) -> #DIV/0! | AM27: =IF(AL27>=30,"87",IF(AL27>=25,"84",IF(AL27>=20,"81",IF(AL27>=15,"78","60")))) -> 60 | AP27: =AVERAGE(AN27:AO27) -> #DIV/0! | AS27: =AVERAGE(AQ27:AR27) -> #DIV/0! | AV27: =AVERAGE(AT27:AU27) -> #DIV/0! | AY27: =AVERAGE(AW27:AX27) -> #DIV/0! | AZ27: =(0.4*AM27)+(0.1*AP27)+(0.2*AS27)+(0.15*AV27)+(0.15*AY27) -> #DIV/0!
A28: =D.SISWA!A28 -> 23 | B28: =D.SISWA!B28 -> 242501021 | C28: =D.SISWA!C28 -> INDRIYANI FITRIYASARI | D28: =D.SISWA!D28 -> XI RPL | E28: 5 | F28: =IF(E28>=30,"87",IF(E28>=25,"84",IF(E28>=20,"81",IF(E28>=15,"78","60")))) -> 60 | G28: 80 | H28: 82 | I28: =AVERAGE(G28:H28) -> 81 | M28: =AVERAGE(J28:L28) -> #DIV/0! | P28: =AVERAGE(N28:O28) -> #DIV/0! | S28: =AVERAGE(Q28:R28) -> #DIV/0! | T28: =(0.4*F28)+(0.1*I28)+(0.2*M28)+(0.15*P28)+(0.15*S28) -> #DIV/0! | V28: 1 | W28: =IF(V28>=30,"87",IF(V28>=25,"84",IF(V28>=20,"81",IF(V28>=15,"78","60")))) -> 60 | Z28: =AVERAGE(X28:Y28) -> #DIV/0! | AC28: =AVERAGE(AA28:AB28) -> #DIV/0! | AF28: =AVERAGE(AD28:AE28) -> #DIV/0! | AI28: =AVERAGE(AG28:AH28) -> #DIV/0! | AJ28: =(0.4*W28)+(0.1*Z28)+(0.2*AC28)+(0.15*AF28)+(0.15*AI28) -> #DIV/0! | AM28: =IF(AL28>=30,"87",IF(AL28>=25,"84",IF(AL28>=20,"81",IF(AL28>=15,"78","60")))) -> 60 | AP28: =AVERAGE(AN28:AO28) -> #DIV/0! | AS28: =AVERAGE(AQ28:AR28) -> #DIV/0! | AV28: =AVERAGE(AT28:AU28) -> #DIV/0! | AY28: =AVERAGE(AW28:AX28) -> #DIV/0! | AZ28: =(0.4*AM28)+(0.1*AP28)+(0.2*AS28)+(0.15*AV28)+(0.15*AY28) -> #DIV/0!
A29: =D.SISWA!A29 -> 24 | B29: =D.SISWA!B29 -> 242501022 | C29: =D.SISWA!C29 -> JANPETER SEBASTIAN PANDIANGAN | D29: =D.SISWA!D29 -> XI RPL | E29: 2 | F29: =IF(E29>=30,"87",IF(E29>=25,"84",IF(E29>=20,"81",IF(E29>=15,"78","60")))) -> 60 | I29: =AVERAGE(G29:H29) -> #DIV/0! | M29: =AVERAGE(J29:L29) -> #DIV/0! | P29: =AVERAGE(N29:O29) -> #DIV/0! | S29: =AVERAGE(Q29:R29) -> #DIV/0! | T29: =(0.4*F29)+(0.1*I29)+(0.2*M29)+(0.15*P29)+(0.15*S29) -> #DIV/0! | V29: 0 | W29: =IF(V29>=30,"87",IF(V29>=25,"84",IF(V29>=20,"81",IF(V29>=15,"78","60")))) -> 60 | Z29: =AVERAGE(X29:Y29) -> #DIV/0! | AC29: =AVERAGE(AA29:AB29) -> #DIV/0! | AF29: =AVERAGE(AD29:AE29) -> #DIV/0! | AI29: =AVERAGE(AG29:AH29) -> #DIV/0! | AJ29: =(0.4*W29)+(0.1*Z29)+(0.2*AC29)+(0.15*AF29)+(0.15*AI29) -> #DIV/0! | AM29: =IF(AL29>=30,"87",IF(AL29>=25,"84",IF(AL29>=20,"81",IF(AL29>=15,"78","60")))) -> 60 | AP29: =AVERAGE(AN29:AO29) -> #DIV/0! | AS29: =AVERAGE(AQ29:AR29) -> #DIV/0! | AV29: =AVERAGE(AT29:AU29) -> #DIV/0! | AY29: =AVERAGE(AW29:AX29) -> #DIV/0! | AZ29: =(0.4*AM29)+(0.1*AP29)+(0.2*AS29)+(0.15*AV29)+(0.15*AY29) -> #DIV/0!
A30: =D.SISWA!A30 -> 25 | B30: =D.SISWA!B30 -> 242501023 | C30: =D.SISWA!C30 -> KAYLA VEBRIYANA | D30: =D.SISWA!D30 -> XI RPL | E30: 5 | F30: =IF(E30>=30,"87",IF(E30>=25,"84",IF(E30>=20,"81",IF(E30>=15,"78","60")))) -> 60 | G30: 80 | H30: 82 | I30: =AVERAGE(G30:H30) -> 81 | M30: =AVERAGE(J30:L30) -> #DIV/0! | P30: =AVERAGE(N30:O30) -> #DIV/0! | S30: =AVERAGE(Q30:R30) -> #DIV/0! | T30: =(0.4*F30)+(0.1*I30)+(0.2*M30)+(0.15*P30)+(0.15*S30) -> #DIV/0! | V30: 1 | W30: =IF(V30>=30,"87",IF(V30>=25,"84",IF(V30>=20,"81",IF(V30>=15,"78","60")))) -> 60 | Z30: =AVERAGE(X30:Y30) -> #DIV/0! | AC30: =AVERAGE(AA30:AB30) -> #DIV/0! | AF30: =AVERAGE(AD30:AE30) -> #DIV/0! | AI30: =AVERAGE(AG30:AH30) -> #DIV/0! | AJ30: =(0.4*W30)+(0.1*Z30)+(0.2*AC30)+(0.15*AF30)+(0.15*AI30) -> #DIV/0! | AM30: =IF(AL30>=30,"87",IF(AL30>=25,"84",IF(AL30>=20,"81",IF(AL30>=15,"78","60")))) -> 60 | AP30: =AVERAGE(AN30:AO30) -> #DIV/0! | AS30: =AVERAGE(AQ30:AR30) -> #DIV/0! | AV30: =AVERAGE(AT30:AU30) -> #DIV/0! | AY30: =AVERAGE(AW30:AX30) -> #DIV/0! | AZ30: =(0.4*AM30)+(0.1*AP30)+(0.2*AS30)+(0.15*AV30)+(0.15*AY30) -> #DIV/0!
A31: =D.SISWA!A31 -> 26 | B31: =D.SISWA!B31 -> 242501024 | C31: =D.SISWA!C31 -> KHAYYIRA HANIFA AZ-ZAHRA | D31: =D.SISWA!D31 -> XI RPL | E31: 5 | F31: =IF(E31>=30,"87",IF(E31>=25,"84",IF(E31>=20,"81",IF(E31>=15,"78","60")))) -> 60 | G31: 80 | H31: 80 | I31: =AVERAGE(G31:H31) -> 80 | M31: =AVERAGE(J31:L31) -> #DIV/0! | P31: =AVERAGE(N31:O31) -> #DIV/0! | S31: =AVERAGE(Q31:R31) -> #DIV/0! | T31: =(0.4*F31)+(0.1*I31)+(0.2*M31)+(0.15*P31)+(0.15*S31) -> #DIV/0! | V31: 1 | W31: =IF(V31>=30,"87",IF(V31>=25,"84",IF(V31>=20,"81",IF(V31>=15,"78","60")))) -> 60 | Z31: =AVERAGE(X31:Y31) -> #DIV/0! | AC31: =AVERAGE(AA31:AB31) -> #DIV/0! | AF31: =AVERAGE(AD31:AE31) -> #DIV/0! | AI31: =AVERAGE(AG31:AH31) -> #DIV/0! | AJ31: =(0.4*W31)+(0.1*Z31)+(0.2*AC31)+(0.15*AF31)+(0.15*AI31) -> #DIV/0! | AM31: =IF(AL31>=30,"87",IF(AL31>=25,"84",IF(AL31>=20,"81",IF(AL31>=15,"78","60")))) -> 60 | AP31: =AVERAGE(AN31:AO31) -> #DIV/0! | AS31: =AVERAGE(AQ31:AR31) -> #DIV/0! | AV31: =AVERAGE(AT31:AU31) -> #DIV/0! | AY31: =AVERAGE(AW31:AX31) -> #DIV/0! | AZ31: =(0.4*AM31)+(0.1*AP31)+(0.2*AS31)+(0.15*AV31)+(0.15*AY31) -> #DIV/0!
A32: =D.SISWA!A32 -> 27 | B32: =D.SISWA!B32 -> 242501026 | C32: =D.SISWA!C32 -> M. RUSTANDI | D32: =D.SISWA!D32 -> XI RPL | E32: 2 | F32: =IF(E32>=30,"87",IF(E32>=25,"84",IF(E32>=20,"81",IF(E32>=15,"78","60")))) -> 60 | H32: 82 | I32: =AVERAGE(G32:H32) -> 82 | M32: =AVERAGE(J32:L32) -> #DIV/0! | P32: =AVERAGE(N32:O32) -> #DIV/0! | S32: =AVERAGE(Q32:R32) -> #DIV/0! | T32: =(0.4*F32)+(0.1*I32)+(0.2*M32)+(0.15*P32)+(0.15*S32) -> #DIV/0! | V32: 0 | W32: =IF(V32>=30,"87",IF(V32>=25,"84",IF(V32>=20,"81",IF(V32>=15,"78","60")))) -> 60 | Z32: =AVERAGE(X32:Y32) -> #DIV/0! | AC32: =AVERAGE(AA32:AB32) -> #DIV/0! | AF32: =AVERAGE(AD32:AE32) -> #DIV/0! | AI32: =AVERAGE(AG32:AH32) -> #DIV/0! | AJ32: =(0.4*W32)+(0.1*Z32)+(0.2*AC32)+(0.15*AF32)+(0.15*AI32) -> #DIV/0! | AM32: =IF(AL32>=30,"87",IF(AL32>=25,"84",IF(AL32>=20,"81",IF(AL32>=15,"78","60")))) -> 60 | AP32: =AVERAGE(AN32:AO32) -> #DIV/0! | AS32: =AVERAGE(AQ32:AR32) -> #DIV/0! | AV32: =AVERAGE(AT32:AU32) -> #DIV/0! | AY32: =AVERAGE(AW32:AX32) -> #DIV/0! | AZ32: =(0.4*AM32)+(0.1*AP32)+(0.2*AS32)+(0.15*AV32)+(0.15*AY32) -> #DIV/0!
A33: =D.SISWA!A33 -> 28 | B33: =D.SISWA!B33 -> 242501027 | C33: =D.SISWA!C33 -> MARISA | D33: =D.SISWA!D33 -> XI RPL | E33: 5 | F33: =IF(E33>=30,"87",IF(E33>=25,"84",IF(E33>=20,"81",IF(E33>=15,"78","60")))) -> 60 | G33: 80 | H33: 80 | I33: =AVERAGE(G33:H33) -> 80 | M33: =AVERAGE(J33:L33) -> #DIV/0! | P33: =AVERAGE(N33:O33) -> #DIV/0! | S33: =AVERAGE(Q33:R33) -> #DIV/0! | T33: =(0.4*F33)+(0.1*I33)+(0.2*M33)+(0.15*P33)+(0.15*S33) -> #DIV/0! | V33: 1 | W33: =IF(V33>=30,"87",IF(V33>=25,"84",IF(V33>=20,"81",IF(V33>=15,"78","60")))) -> 60 | Z33: =AVERAGE(X33:Y33) -> #DIV/0! | AC33: =AVERAGE(AA33:AB33) -> #DIV/0! | AF33: =AVERAGE(AD33:AE33) -> #DIV/0! | AI33: =AVERAGE(AG33:AH33) -> #DIV/0! | AJ33: =(0.4*W33)+(0.1*Z33)+(0.2*AC33)+(0.15*AF33)+(0.15*AI33) -> #DIV/0! | AM33: =IF(AL33>=30,"87",IF(AL33>=25,"84",IF(AL33>=20,"81",IF(AL33>=15,"78","60")))) -> 60 | AP33: =AVERAGE(AN33:AO33) -> #DIV/0! | AS33: =AVERAGE(AQ33:AR33) -> #DIV/0! | AV33: =AVERAGE(AT33:AU33) -> #DIV/0! | AY33: =AVERAGE(AW33:AX33) -> #DIV/0! | AZ33: =(0.4*AM33)+(0.1*AP33)+(0.2*AS33)+(0.15*AV33)+(0.15*AY33) -> #DIV/0!
A34: =D.SISWA!A34 -> 29 | B34: =D.SISWA!B34 -> 242501028 | C34: =D.SISWA!C34 -> MOCH PAISAL LUTHFI | D34: =D.SISWA!D34 -> XI RPL | E34: 4 | F34: =IF(E34>=30,"87",IF(E34>=25,"84",IF(E34>=20,"81",IF(E34>=15,"78","60")))) -> 60 | H34: 80 | I34: =AVERAGE(G34:H34) -> 80 | M34: =AVERAGE(J34:L34) -> #DIV/0! | P34: =AVERAGE(N34:O34) -> #DIV/0! | S34: =AVERAGE(Q34:R34) -> #DIV/0! | T34: =(0.4*F34)+(0.1*I34)+(0.2*M34)+(0.15*P34)+(0.15*S34) -> #DIV/0! | V34: 0 | W34: =IF(V34>=30,"87",IF(V34>=25,"84",IF(V34>=20,"81",IF(V34>=15,"78","60")))) -> 60 | Z34: =AVERAGE(X34:Y34) -> #DIV/0! | AC34: =AVERAGE(AA34:AB34) -> #DIV/0! | AF34: =AVERAGE(AD34:AE34) -> #DIV/0! | AI34: =AVERAGE(AG34:AH34) -> #DIV/0! | AJ34: =(0.4*W34)+(0.1*Z34)+(0.2*AC34)+(0.15*AF34)+(0.15*AI34) -> #DIV/0! | AM34: =IF(AL34>=30,"87",IF(AL34>=25,"84",IF(AL34>=20,"81",IF(AL34>=15,"78","60")))) -> 60 | AP34: =AVERAGE(AN34:AO34) -> #DIV/0! | AS34: =AVERAGE(AQ34:AR34) -> #DIV/0! | AV34: =AVERAGE(AT34:AU34) -> #DIV/0! | AY34: =AVERAGE(AW34:AX34) -> #DIV/0! | AZ34: =(0.4*AM34)+(0.1*AP34)+(0.2*AS34)+(0.15*AV34)+(0.15*AY34) -> #DIV/0!
A35: =D.SISWA!A35 -> 30 | B35: =D.SISWA!B35 -> 242501030 | C35: =D.SISWA!C35 -> MUHAMAD LUGI ALPARIZI | D35: =D.SISWA!D35 -> XI RPL | E35: 5 | F35: =IF(E35>=30,"87",IF(E35>=25,"84",IF(E35>=20,"81",IF(E35>=15,"78","60")))) -> 60 | G35: 80 | H35: 80 | I35: =AVERAGE(G35:H35) -> 80 | M35: =AVERAGE(J35:L35) -> #DIV/0! | P35: =AVERAGE(N35:O35) -> #DIV/0! | S35: =AVERAGE(Q35:R35) -> #DIV/0! | T35: =(0.4*F35)+(0.1*I35)+(0.2*M35)+(0.15*P35)+(0.15*S35) -> #DIV/0! | V35: 1 | W35: =IF(V35>=30,"87",IF(V35>=25,"84",IF(V35>=20,"81",IF(V35>=15,"78","60")))) -> 60 | Z35: =AVERAGE(X35:Y35) -> #DIV/0! | AC35: =AVERAGE(AA35:AB35) -> #DIV/0! | AF35: =AVERAGE(AD35:AE35) -> #DIV/0! | AI35: =AVERAGE(AG35:AH35) -> #DIV/0! | AJ35: =(0.4*W35)+(0.1*Z35)+(0.2*AC35)+(0.15*AF35)+(0.15*AI35) -> #DIV/0! | AM35: =IF(AL35>=30,"87",IF(AL35>=25,"84",IF(AL35>=20,"81",IF(AL35>=15,"78","60")))) -> 60 | AP35: =AVERAGE(AN35:AO35) -> #DIV/0! | AS35: =AVERAGE(AQ35:AR35) -> #DIV/0! | AV35: =AVERAGE(AT35:AU35) -> #DIV/0! | AY35: =AVERAGE(AW35:AX35) -> #DIV/0! | AZ35: =(0.4*AM35)+(0.1*AP35)+(0.2*AS35)+(0.15*AV35)+(0.15*AY35) -> #DIV/0!
A36: =D.SISWA!A36 -> 31 | B36: =D.SISWA!B36 -> 242501031 | C36: =D.SISWA!C36 -> MUHAMMAD BILAL ALHABSY | D36: =D.SISWA!D36 -> XI RPL | E36: 2 | F36: =IF(E36>=30,"87",IF(E36>=25,"84",IF(E36>=20,"81",IF(E36>=15,"78","60")))) -> 60 | H36: 80 | I36: =AVERAGE(G36:H36) -> 80 | M36: =AVERAGE(J36:L36) -> #DIV/0! | P36: =AVERAGE(N36:O36) -> #DIV/0! | S36: =AVERAGE(Q36:R36) -> #DIV/0! | T36: =(0.4*F36)+(0.1*I36)+(0.2*M36)+(0.15*P36)+(0.15*S36) -> #DIV/0! | V36: 1 | W36: =IF(V36>=30,"87",IF(V36>=25,"84",IF(V36>=20,"81",IF(V36>=15,"78","60")))) -> 60 | Z36: =AVERAGE(X36:Y36) -> #DIV/0! | AC36: =AVERAGE(AA36:AB36) -> #DIV/0! | AF36: =AVERAGE(AD36:AE36) -> #DIV/0! | AI36: =AVERAGE(AG36:AH36) -> #DIV/0! | AJ36: =(0.4*W36)+(0.1*Z36)+(0.2*AC36)+(0.15*AF36)+(0.15*AI36) -> #DIV/0! | AM36: =IF(AL36>=30,"87",IF(AL36>=25,"84",IF(AL36>=20,"81",IF(AL36>=15,"78","60")))) -> 60 | AP36: =AVERAGE(AN36:AO36) -> #DIV/0! | AS36: =AVERAGE(AQ36:AR36) -> #DIV/0! | AV36: =AVERAGE(AT36:AU36) -> #DIV/0! | AY36: =AVERAGE(AW36:AX36) -> #DIV/0! | AZ36: =(0.4*AM36)+(0.1*AP36)+(0.2*AS36)+(0.15*AV36)+(0.15*AY36) -> #DIV/0!
A37: =D.SISWA!A37 -> 32 | B37: =D.SISWA!B37 -> 242501032 | C37: =D.SISWA!C37 -> NISEU BIL HASNA | D37: =D.SISWA!D37 -> XI RPL | E37: 5 | F37: =IF(E37>=30,"87",IF(E37>=25,"84",IF(E37>=20,"81",IF(E37>=15,"78","60")))) -> 60 | G37: 80 | H37: 82 | I37: =AVERAGE(G37:H37) -> 81 | M37: =AVERAGE(J37:L37) -> #DIV/0! | P37: =AVERAGE(N37:O37) -> #DIV/0! | S37: =AVERAGE(Q37:R37) -> #DIV/0! | T37: =(0.4*F37)+(0.1*I37)+(0.2*M37)+(0.15*P37)+(0.15*S37) -> #DIV/0! | V37: 1 | W37: =IF(V37>=30,"87",IF(V37>=25,"84",IF(V37>=20,"81",IF(V37>=15,"78","60")))) -> 60 | Z37: =AVERAGE(X37:Y37) -> #DIV/0! | AC37: =AVERAGE(AA37:AB37) -> #DIV/0! | AF37: =AVERAGE(AD37:AE37) -> #DIV/0! | AI37: =AVERAGE(AG37:AH37) -> #DIV/0! | AJ37: =(0.4*W37)+(0.1*Z37)+(0.2*AC37)+(0.15*AF37)+(0.15*AI37) -> #DIV/0! | AM37: =IF(AL37>=30,"87",IF(AL37>=25,"84",IF(AL37>=20,"81",IF(AL37>=15,"78","60")))) -> 60 | AP37: =AVERAGE(AN37:AO37) -> #DIV/0! | AS37: =AVERAGE(AQ37:AR37) -> #DIV/0! | AV37: =AVERAGE(AT37:AU37) -> #DIV/0! | AY37: =AVERAGE(AW37:AX37) -> #DIV/0! | AZ37: =(0.4*AM37)+(0.1*AP37)+(0.2*AS37)+(0.15*AV37)+(0.15*AY37) -> #DIV/0!
A38: =D.SISWA!A38 -> 33 | B38: =D.SISWA!B38 -> 242501033 | C38: =D.SISWA!C38 -> NOVA NOPIANA | D38: =D.SISWA!D38 -> XI RPL | E38: 5 | F38: =IF(E38>=30,"87",IF(E38>=25,"84",IF(E38>=20,"81",IF(E38>=15,"78","60")))) -> 60 | G38: 80 | H38: 80 | I38: =AVERAGE(G38:H38) -> 80 | M38: =AVERAGE(J38:L38) -> #DIV/0! | P38: =AVERAGE(N38:O38) -> #DIV/0! | S38: =AVERAGE(Q38:R38) -> #DIV/0! | T38: =(0.4*F38)+(0.1*I38)+(0.2*M38)+(0.15*P38)+(0.15*S38) -> #DIV/0! | V38: 1 | W38: =IF(V38>=30,"87",IF(V38>=25,"84",IF(V38>=20,"81",IF(V38>=15,"78","60")))) -> 60 | Z38: =AVERAGE(X38:Y38) -> #DIV/0! | AC38: =AVERAGE(AA38:AB38) -> #DIV/0! | AF38: =AVERAGE(AD38:AE38) -> #DIV/0! | AI38: =AVERAGE(AG38:AH38) -> #DIV/0! | AJ38: =(0.4*W38)+(0.1*Z38)+(0.2*AC38)+(0.15*AF38)+(0.15*AI38) -> #DIV/0! | AM38: =IF(AL38>=30,"87",IF(AL38>=25,"84",IF(AL38>=20,"81",IF(AL38>=15,"78","60")))) -> 60 | AP38: =AVERAGE(AN38:AO38) -> #DIV/0! | AS38: =AVERAGE(AQ38:AR38) -> #DIV/0! | AV38: =AVERAGE(AT38:AU38) -> #DIV/0! | AY38: =AVERAGE(AW38:AX38) -> #DIV/0! | AZ38: =(0.4*AM38)+(0.1*AP38)+(0.2*AS38)+(0.15*AV38)+(0.15*AY38) -> #DIV/0!
A39: =D.SISWA!A39 -> 34 | B39: =D.SISWA!B39 -> 242501034 | C39: =D.SISWA!C39 -> NOVI NOPIANI | D39: =D.SISWA!D39 -> XI RPL | E39: 4 | F39: =IF(E39>=30,"87",IF(E39>=25,"84",IF(E39>=20,"81",IF(E39>=15,"78","60")))) -> 60 | G39: 80 | H39: 80 | I39: =AVERAGE(G39:H39) -> 80 | M39: =AVERAGE(J39:L39) -> #DIV/0! | P39: =AVERAGE(N39:O39) -> #DIV/0! | S39: =AVERAGE(Q39:R39) -> #DIV/0! | T39: =(0.4*F39)+(0.1*I39)+(0.2*M39)+(0.15*P39)+(0.15*S39) -> #DIV/0! | V39: 1 | W39: =IF(V39>=30,"87",IF(V39>=25,"84",IF(V39>=20,"81",IF(V39>=15,"78","60")))) -> 60 | Z39: =AVERAGE(X39:Y39) -> #DIV/0! | AC39: =AVERAGE(AA39:AB39) -> #DIV/0! | AF39: =AVERAGE(AD39:AE39) -> #DIV/0! | AI39: =AVERAGE(AG39:AH39) -> #DIV/0! | AJ39: =(0.4*W39)+(0.1*Z39)+(0.2*AC39)+(0.15*AF39)+(0.15*AI39) -> #DIV/0! | AM39: =IF(AL39>=30,"87",IF(AL39>=25,"84",IF(AL39>=20,"81",IF(AL39>=15,"78","60")))) -> 60 | AP39: =AVERAGE(AN39:AO39) -> #DIV/0! | AS39: =AVERAGE(AQ39:AR39) -> #DIV/0! | AV39: =AVERAGE(AT39:AU39) -> #DIV/0! | AY39: =AVERAGE(AW39:AX39) -> #DIV/0! | AZ39: =(0.4*AM39)+(0.1*AP39)+(0.2*AS39)+(0.15*AV39)+(0.15*AY39) -> #DIV/0!
A40: =D.SISWA!A40 -> 35 | B40: =D.SISWA!B40 -> 242501035 | C40: =D.SISWA!C40 -> NUR AZIZAH | D40: =D.SISWA!D40 -> XI RPL | E40: 5 | F40: =IF(E40>=30,"87",IF(E40>=25,"84",IF(E40>=20,"81",IF(E40>=15,"78","60")))) -> 60 | G40: 80 | H40: 82 | I40: =AVERAGE(G40:H40) -> 81 | M40: =AVERAGE(J40:L40) -> #DIV/0! | P40: =AVERAGE(N40:O40) -> #DIV/0! | S40: =AVERAGE(Q40:R40) -> #DIV/0! | T40: =(0.4*F40)+(0.1*I40)+(0.2*M40)+(0.15*P40)+(0.15*S40) -> #DIV/0! | V40: 1 | W40: =IF(V40>=30,"87",IF(V40>=25,"84",IF(V40>=20,"81",IF(V40>=15,"78","60")))) -> 60 | Z40: =AVERAGE(X40:Y40) -> #DIV/0! | AC40: =AVERAGE(AA40:AB40) -> #DIV/0! | AF40: =AVERAGE(AD40:AE40) -> #DIV/0! | AI40: =AVERAGE(AG40:AH40) -> #DIV/0! | AJ40: =(0.4*W40)+(0.1*Z40)+(0.2*AC40)+(0.15*AF40)+(0.15*AI40) -> #DIV/0! | AM40: =IF(AL40>=30,"87",IF(AL40>=25,"84",IF(AL40>=20,"81",IF(AL40>=15,"78","60")))) -> 60 | AP40: =AVERAGE(AN40:AO40) -> #DIV/0! | AS40: =AVERAGE(AQ40:AR40) -> #DIV/0! | AV40: =AVERAGE(AT40:AU40) -> #DIV/0! | AY40: =AVERAGE(AW40:AX40) -> #DIV/0! | AZ40: =(0.4*AM40)+(0.1*AP40)+(0.2*AS40)+(0.15*AV40)+(0.15*AY40) -> #DIV/0!
A41: =D.SISWA!A41 -> 36 | B41: =D.SISWA!B41 -> 242501036 | C41: =D.SISWA!C41 -> NUR FADHILAH | D41: =D.SISWA!D41 -> XI RPL | E41: 5 | F41: =IF(E41>=30,"87",IF(E41>=25,"84",IF(E41>=20,"81",IF(E41>=15,"78","60")))) -> 60 | G41: 80 | H41: 82 | I41: =AVERAGE(G41:H41) -> 81 | M41: =AVERAGE(J41:L41) -> #DIV/0! | P41: =AVERAGE(N41:O41) -> #DIV/0! | S41: =AVERAGE(Q41:R41) -> #DIV/0! | T41: =(0.4*F41)+(0.1*I41)+(0.2*M41)+(0.15*P41)+(0.15*S41) -> #DIV/0! | V41: 1 | W41: =IF(V41>=30,"87",IF(V41>=25,"84",IF(V41>=20,"81",IF(V41>=15,"78","60")))) -> 60 | Z41: =AVERAGE(X41:Y41) -> #DIV/0! | AC41: =AVERAGE(AA41:AB41) -> #DIV/0! | AF41: =AVERAGE(AD41:AE41) -> #DIV/0! | AI41: =AVERAGE(AG41:AH41) -> #DIV/0! | AJ41: =(0.4*W41)+(0.1*Z41)+(0.2*AC41)+(0.15*AF41)+(0.15*AI41) -> #DIV/0! | AM41: =IF(AL41>=30,"87",IF(AL41>=25,"84",IF(AL41>=20,"81",IF(AL41>=15,"78","60")))) -> 60 | AP41: =AVERAGE(AN41:AO41) -> #DIV/0! | AS41: =AVERAGE(AQ41:AR41) -> #DIV/0! | AV41: =AVERAGE(AT41:AU41) -> #DIV/0! | AY41: =AVERAGE(AW41:AX41) -> #DIV/0! | AZ41: =(0.4*AM41)+(0.1*AP41)+(0.2*AS41)+(0.15*AV41)+(0.15*AY41) -> #DIV/0!
A42: =D.SISWA!A42 -> 37 | B42: =D.SISWA!B42 -> 242501038 | C42: =D.SISWA!C42 -> RANGGA PRATAMA | D42: =D.SISWA!D42 -> XI RPL | E42: 4 | F42: =IF(E42>=30,"87",IF(E42>=25,"84",IF(E42>=20,"81",IF(E42>=15,"78","60")))) -> 60 | G42: 80 | I42: =AVERAGE(G42:H42) -> 80 | M42: =AVERAGE(J42:L42) -> #DIV/0! | P42: =AVERAGE(N42:O42) -> #DIV/0! | S42: =AVERAGE(Q42:R42) -> #DIV/0! | T42: =(0.4*F42)+(0.1*I42)+(0.2*M42)+(0.15*P42)+(0.15*S42) -> #DIV/0! | V42: 1 | W42: =IF(V42>=30,"87",IF(V42>=25,"84",IF(V42>=20,"81",IF(V42>=15,"78","60")))) -> 60 | Z42: =AVERAGE(X42:Y42) -> #DIV/0! | AC42: =AVERAGE(AA42:AB42) -> #DIV/0! | AF42: =AVERAGE(AD42:AE42) -> #DIV/0! | AI42: =AVERAGE(AG42:AH42) -> #DIV/0! | AJ42: =(0.4*W42)+(0.1*Z42)+(0.2*AC42)+(0.15*AF42)+(0.15*AI42) -> #DIV/0! | AM42: =IF(AL42>=30,"87",IF(AL42>=25,"84",IF(AL42>=20,"81",IF(AL42>=15,"78","60")))) -> 60 | AP42: =AVERAGE(AN42:AO42) -> #DIV/0! | AS42: =AVERAGE(AQ42:AR42) -> #DIV/0! | AV42: =AVERAGE(AT42:AU42) -> #DIV/0! | AY42: =AVERAGE(AW42:AX42) -> #DIV/0! | AZ42: =(0.4*AM42)+(0.1*AP42)+(0.2*AS42)+(0.15*AV42)+(0.15*AY42) -> #DIV/0!
A43: =D.SISWA!A43 -> 38 | B43: =D.SISWA!B43 -> 242501039 | C43: =D.SISWA!C43 -> RAKA CANDRA FADILAH | D43: =D.SISWA!D43 -> XI RPL | E43: 4 | F43: =IF(E43>=30,"87",IF(E43>=25,"84",IF(E43>=20,"81",IF(E43>=15,"78","60")))) -> 60 | H43: 80 | I43: =AVERAGE(G43:H43) -> 80 | M43: =AVERAGE(J43:L43) -> #DIV/0! | P43: =AVERAGE(N43:O43) -> #DIV/0! | S43: =AVERAGE(Q43:R43) -> #DIV/0! | T43: =(0.4*F43)+(0.1*I43)+(0.2*M43)+(0.15*P43)+(0.15*S43) -> #DIV/0! | V43: 0 | W43: =IF(V43>=30,"87",IF(V43>=25,"84",IF(V43>=20,"81",IF(V43>=15,"78","60")))) -> 60 | Z43: =AVERAGE(X43:Y43) -> #DIV/0! | AC43: =AVERAGE(AA43:AB43) -> #DIV/0! | AF43: =AVERAGE(AD43:AE43) -> #DIV/0! | AI43: =AVERAGE(AG43:AH43) -> #DIV/0! | AJ43: =(0.4*W43)+(0.1*Z43)+(0.2*AC43)+(0.15*AF43)+(0.15*AI43) -> #DIV/0! | AM43: =IF(AL43>=30,"87",IF(AL43>=25,"84",IF(AL43>=20,"81",IF(AL43>=15,"78","60")))) -> 60 | AP43: =AVERAGE(AN43:AO43) -> #DIV/0! | AS43: =AVERAGE(AQ43:AR43) -> #DIV/0! | AV43: =AVERAGE(AT43:AU43) -> #DIV/0! | AY43: =AVERAGE(AW43:AX43) -> #DIV/0! | AZ43: =(0.4*AM43)+(0.1*AP43)+(0.2*AS43)+(0.15*AV43)+(0.15*AY43) -> #DIV/0!
A44: =D.SISWA!A44 -> 39 | B44: =D.SISWA!B44 -> 242501040 | C44: =D.SISWA!C44 -> RINA APRILIANI | D44: =D.SISWA!D44 -> XI RPL | E44: 4 | F44: =IF(E44>=30,"87",IF(E44>=25,"84",IF(E44>=20,"81",IF(E44>=15,"78","60")))) -> 60 | G44: 80 | H44: 82 | I44: =AVERAGE(G44:H44) -> 81 | M44: =AVERAGE(J44:L44) -> #DIV/0! | P44: =AVERAGE(N44:O44) -> #DIV/0! | S44: =AVERAGE(Q44:R44) -> #DIV/0! | T44: =(0.4*F44)+(0.1*I44)+(0.2*M44)+(0.15*P44)+(0.15*S44) -> #DIV/0! | V44: 1 | W44: =IF(V44>=30,"87",IF(V44>=25,"84",IF(V44>=20,"81",IF(V44>=15,"78","60")))) -> 60 | Z44: =AVERAGE(X44:Y44) -> #DIV/0! | AC44: =AVERAGE(AA44:AB44) -> #DIV/0! | AF44: =AVERAGE(AD44:AE44) -> #DIV/0! | AI44: =AVERAGE(AG44:AH44) -> #DIV/0! | AJ44: =(0.4*W44)+(0.1*Z44)+(0.2*AC44)+(0.15*AF44)+(0.15*AI44) -> #DIV/0! | AM44: =IF(AL44>=30,"87",IF(AL44>=25,"84",IF(AL44>=20,"81",IF(AL44>=15,"78","60")))) -> 60 | AP44: =AVERAGE(AN44:AO44) -> #DIV/0! | AS44: =AVERAGE(AQ44:AR44) -> #DIV/0! | AV44: =AVERAGE(AT44:AU44) -> #DIV/0! | AY44: =AVERAGE(AW44:AX44) -> #DIV/0! | AZ44: =(0.4*AM44)+(0.1*AP44)+(0.2*AS44)+(0.15*AV44)+(0.15*AY44) -> #DIV/0!
A45: =D.SISWA!A45 -> 40 | B45: =D.SISWA!B45 -> 242501041 | C45: =D.SISWA!C45 -> SALMAA FAUZIYAH | D45: =D.SISWA!D45 -> XI RPL | E45: 5 | F45: =IF(E45>=30,"87",IF(E45>=25,"84",IF(E45>=20,"81",IF(E45>=15,"78","60")))) -> 60 | G45: 80 | H45: 80 | I45: =AVERAGE(G45:H45) -> 80 | M45: =AVERAGE(J45:L45) -> #DIV/0! | P45: =AVERAGE(N45:O45) -> #DIV/0! | S45: =AVERAGE(Q45:R45) -> #DIV/0! | T45: =(0.4*F45)+(0.1*I45)+(0.2*M45)+(0.15*P45)+(0.15*S45) -> #DIV/0! | V45: 1 | W45: =IF(V45>=30,"87",IF(V45>=25,"84",IF(V45>=20,"81",IF(V45>=15,"78","60")))) -> 60 | Z45: =AVERAGE(X45:Y45) -> #DIV/0! | AC45: =AVERAGE(AA45:AB45) -> #DIV/0! | AF45: =AVERAGE(AD45:AE45) -> #DIV/0! | AI45: =AVERAGE(AG45:AH45) -> #DIV/0! | AJ45: =(0.4*W45)+(0.1*Z45)+(0.2*AC45)+(0.15*AF45)+(0.15*AI45) -> #DIV/0! | AM45: =IF(AL45>=30,"87",IF(AL45>=25,"84",IF(AL45>=20,"81",IF(AL45>=15,"78","60")))) -> 60 | AP45: =AVERAGE(AN45:AO45) -> #DIV/0! | AS45: =AVERAGE(AQ45:AR45) -> #DIV/0! | AV45: =AVERAGE(AT45:AU45) -> #DIV/0! | AY45: =AVERAGE(AW45:AX45) -> #DIV/0! | AZ45: =(0.4*AM45)+(0.1*AP45)+(0.2*AS45)+(0.15*AV45)+(0.15*AY45) -> #DIV/0!
A46: =D.SISWA!A46 -> 41 | B46: =D.SISWA!B46 -> 242501042 | C46: =D.SISWA!C46 -> SRI RESTI RAMDAN | D46: =D.SISWA!D46 -> XI RPL | E46: 3 | F46: =IF(E46>=30,"87",IF(E46>=25,"84",IF(E46>=20,"81",IF(E46>=15,"78","60")))) -> 60 | I46: =AVERAGE(G46:H46) -> #DIV/0! | M46: =AVERAGE(J46:L46) -> #DIV/0! | P46: =AVERAGE(N46:O46) -> #DIV/0! | S46: =AVERAGE(Q46:R46) -> #DIV/0! | T46: =(0.4*F46)+(0.1*I46)+(0.2*M46)+(0.15*P46)+(0.15*S46) -> #DIV/0! | V46: 1 | W46: =IF(V46>=30,"87",IF(V46>=25,"84",IF(V46>=20,"81",IF(V46>=15,"78","60")))) -> 60 | Z46: =AVERAGE(X46:Y46) -> #DIV/0! | AC46: =AVERAGE(AA46:AB46) -> #DIV/0! | AF46: =AVERAGE(AD46:AE46) -> #DIV/0! | AI46: =AVERAGE(AG46:AH46) -> #DIV/0! | AJ46: =(0.4*W46)+(0.1*Z46)+(0.2*AC46)+(0.15*AF46)+(0.15*AI46) -> #DIV/0! | AM46: =IF(AL46>=30,"87",IF(AL46>=25,"84",IF(AL46>=20,"81",IF(AL46>=15,"78","60")))) -> 60 | AP46: =AVERAGE(AN46:AO46) -> #DIV/0! | AS46: =AVERAGE(AQ46:AR46) -> #DIV/0! | AV46: =AVERAGE(AT46:AU46) -> #DIV/0! | AY46: =AVERAGE(AW46:AX46) -> #DIV/0! | AZ46: =(0.4*AM46)+(0.1*AP46)+(0.2*AS46)+(0.15*AV46)+(0.15*AY46) -> #DIV/0!
A47: =D.SISWA!A47 -> 42 | B47: =D.SISWA!B47 -> 242501043 | C47: =D.SISWA!C47 -> TRIA KARTIKA ANUGRAH | D47: =D.SISWA!D47 -> XI RPL | E47: 2 | F47: =IF(E47>=30,"87",IF(E47>=25,"84",IF(E47>=20,"81",IF(E47>=15,"78","60")))) -> 60 | I47: =AVERAGE(G47:H47) -> #DIV/0! | M47: =AVERAGE(J47:L47) -> #DIV/0! | P47: =AVERAGE(N47:O47) -> #DIV/0! | S47: =AVERAGE(Q47:R47) -> #DIV/0! | T47: =(0.4*F47)+(0.1*I47)+(0.2*M47)+(0.15*P47)+(0.15*S47) -> #DIV/0! | V47: 0 | W47: =IF(V47>=30,"87",IF(V47>=25,"84",IF(V47>=20,"81",IF(V47>=15,"78","60")))) -> 60 | Z47: =AVERAGE(X47:Y47) -> #DIV/0! | AC47: =AVERAGE(AA47:AB47) -> #DIV/0! | AF47: =AVERAGE(AD47:AE47) -> #DIV/0! | AI47: =AVERAGE(AG47:AH47) -> #DIV/0! | AJ47: =(0.4*W47)+(0.1*Z47)+(0.2*AC47)+(0.15*AF47)+(0.15*AI47) -> #DIV/0! | AM47: =IF(AL47>=30,"87",IF(AL47>=25,"84",IF(AL47>=20,"81",IF(AL47>=15,"78","60")))) -> 60 | AP47: =AVERAGE(AN47:AO47) -> #DIV/0! | AS47: =AVERAGE(AQ47:AR47) -> #DIV/0! | AV47: =AVERAGE(AT47:AU47) -> #DIV/0! | AY47: =AVERAGE(AW47:AX47) -> #DIV/0! | AZ47: =(0.4*AM47)+(0.1*AP47)+(0.2*AS47)+(0.15*AV47)+(0.15*AY47) -> #DIV/0!
A48: =D.SISWA!A48 -> 43 | B48: =D.SISWA!B48 -> 242501044 | C48: =D.SISWA!C48 -> UMAR | D48: =D.SISWA!D48 -> XI RPL | E48: 5 | F48: =IF(E48>=30,"87",IF(E48>=25,"84",IF(E48>=20,"81",IF(E48>=15,"78","60")))) -> 60 | G48: 80 | H48: 80 | I48: =AVERAGE(G48:H48) -> 80 | M48: =AVERAGE(J48:L48) -> #DIV/0! | P48: =AVERAGE(N48:O48) -> #DIV/0! | S48: =AVERAGE(Q48:R48) -> #DIV/0! | T48: =(0.4*F48)+(0.1*I48)+(0.2*M48)+(0.15*P48)+(0.15*S48) -> #DIV/0! | V48: 1 | W48: =IF(V48>=30,"87",IF(V48>=25,"84",IF(V48>=20,"81",IF(V48>=15,"78","60")))) -> 60 | Z48: =AVERAGE(X48:Y48) -> #DIV/0! | AC48: =AVERAGE(AA48:AB48) -> #DIV/0! | AF48: =AVERAGE(AD48:AE48) -> #DIV/0! | AI48: =AVERAGE(AG48:AH48) -> #DIV/0! | AJ48: =(0.4*W48)+(0.1*Z48)+(0.2*AC48)+(0.15*AF48)+(0.15*AI48) -> #DIV/0! | AM48: =IF(AL48>=30,"87",IF(AL48>=25,"84",IF(AL48>=20,"81",IF(AL48>=15,"78","60")))) -> 60 | AP48: =AVERAGE(AN48:AO48) -> #DIV/0! | AS48: =AVERAGE(AQ48:AR48) -> #DIV/0! | AV48: =AVERAGE(AT48:AU48) -> #DIV/0! | AY48: =AVERAGE(AW48:AX48) -> #DIV/0! | AZ48: =(0.4*AM48)+(0.1*AP48)+(0.2*AS48)+(0.15*AV48)+(0.15*AY48) -> #DIV/0!
A49: =D.SISWA!A49 -> 44 | B49: =D.SISWA!B49 -> 242501045 | C49: =D.SISWA!C49 -> VIKA NOPRITA AYUDIA RANI | D49: =D.SISWA!D49 -> XI RPL | E49: 5 | F49: =IF(E49>=30,"87",IF(E49>=25,"84",IF(E49>=20,"81",IF(E49>=15,"78","60")))) -> 60 | G49: 80 | I49: =AVERAGE(G49:H49) -> 80 | M49: =AVERAGE(J49:L49) -> #DIV/0! | P49: =AVERAGE(N49:O49) -> #DIV/0! | S49: =AVERAGE(Q49:R49) -> #DIV/0! | T49: =(0.4*F49)+(0.1*I49)+(0.2*M49)+(0.15*P49)+(0.15*S49) -> #DIV/0! | V49: 1 | W49: =IF(V49>=30,"87",IF(V49>=25,"84",IF(V49>=20,"81",IF(V49>=15,"78","60")))) -> 60 | Z49: =AVERAGE(X49:Y49) -> #DIV/0! | AC49: =AVERAGE(AA49:AB49) -> #DIV/0! | AF49: =AVERAGE(AD49:AE49) -> #DIV/0! | AI49: =AVERAGE(AG49:AH49) -> #DIV/0! | AJ49: =(0.4*W49)+(0.1*Z49)+(0.2*AC49)+(0.15*AF49)+(0.15*AI49) -> #DIV/0! | AM49: =IF(AL49>=30,"87",IF(AL49>=25,"84",IF(AL49>=20,"81",IF(AL49>=15,"78","60")))) -> 60 | AP49: =AVERAGE(AN49:AO49) -> #DIV/0! | AS49: =AVERAGE(AQ49:AR49) -> #DIV/0! | AV49: =AVERAGE(AT49:AU49) -> #DIV/0! | AY49: =AVERAGE(AW49:AX49) -> #DIV/0! | AZ49: =(0.4*AM49)+(0.1*AP49)+(0.2*AS49)+(0.15*AV49)+(0.15*AY49) -> #DIV/0!
A50: =D.SISWA!A50 -> 45 | B50: =D.SISWA!B50 -> 242501046 | C50: =D.SISWA!C50 -> WIDYA IDAMATULSILMI | D50: =D.SISWA!D50 -> XI RPL | E50: 5 | F50: =IF(E50>=30,"87",IF(E50>=25,"84",IF(E50>=20,"81",IF(E50>=15,"78","60")))) -> 60 | G50: 80 | H50: 80 | I50: =AVERAGE(G50:H50) -> 80 | M50: =AVERAGE(J50:L50) -> #DIV/0! | P50: =AVERAGE(N50:O50) -> #DIV/0! | S50: =AVERAGE(Q50:R50) -> #DIV/0! | T50: =(0.4*F50)+(0.1*I50)+(0.2*M50)+(0.15*P50)+(0.15*S50) -> #DIV/0! | V50: 1 | W50: =IF(V50>=30,"87",IF(V50>=25,"84",IF(V50>=20,"81",IF(V50>=15,"78","60")))) -> 60 | Z50: =AVERAGE(X50:Y50) -> #DIV/0! | AC50: =AVERAGE(AA50:AB50) -> #DIV/0! | AF50: =AVERAGE(AD50:AE50) -> #DIV/0! | AI50: =AVERAGE(AG50:AH50) -> #DIV/0! | AJ50: =(0.4*W50)+(0.1*Z50)+(0.2*AC50)+(0.15*AF50)+(0.15*AI50) -> #DIV/0! | AM50: =IF(AL50>=30,"87",IF(AL50>=25,"84",IF(AL50>=20,"81",IF(AL50>=15,"78","60")))) -> 60 | AP50: =AVERAGE(AN50:AO50) -> #DIV/0! | AS50: =AVERAGE(AQ50:AR50) -> #DIV/0! | AV50: =AVERAGE(AT50:AU50) -> #DIV/0! | AY50: =AVERAGE(AW50:AX50) -> #DIV/0! | AZ50: =(0.4*AM50)+(0.1*AP50)+(0.2*AS50)+(0.15*AV50)+(0.15*AY50) -> #DIV/0!
P52: ACP | AF52: ACP | AV52: ACP
P53: Absensi | Q53: 40 | AF53: Absensi | AG53: 40 | AV53: Absensi | AW53: 40
P54: Prjct | Q54: 20 | AF54: Prjct | AG54: 20 | AV54: Prjct | AW54: 20
P55: NUH | Q55: 15 | AF55: NUH | AG55: 15 | AV55: NUH | AW55: 15
P56: PTS | Q56: 15 | AF56: PTS | AG56: 15 | AV56: PTS | AW56: 15
P57: PAS | Q57: 10 | AF57: PAS | AG57: 10 | AV57: PAS | AW57: 10

Sheet PENILAIAN S.5
A1: NO | B1: NIS | C1: NAMA SISWA | D1: KELAS | E1: MAPEL | U1: MAPEL
E2: LS | U2: BASIS DATA
E3: SEMESTER 5 | U3: SEMESTER 5
E4: Absensi | G4: Prjct | J4: NUH | M4: PTS | P4: PAS | S4: N.RAPOT | U4: Absensi | W4: Prjct | Z4: NUH | AC4: PTS | AF4: PAS | AI4: N.RAPOT
A5: 1 | B5: 2 | C5: 3 | D5: 4 | F5: 11 | I5: 12 | L5: 13 | M5: M | N5: P | O5: 14 | P5: M | Q5: P | R5: 15 | S5: 16 | V5: 11 | W5: CRUD | Y5: 12 | AB5: 13 | AC5: M | AD5: P | AE5: 14 | AF5: M | AG5: P | AH5: 15 | AI5: 16
A6: =D.SISWA!A6 -> 1 | B6: =D.SISWA!B51 -> 232401001 | C6: =D.SISWA!C51 -> ALGAM RISGI SUGIRMAN | D6: =D.SISWA!D51 -> XII ACP | E6: 1 | F6: =IF(E6>=30,"87",IF(E6>=25,"84",IF(E6>=20,"81",IF(E6>=15,"78","60")))) -> 60 | I6: =AVERAGE(G6:H6) -> #DIV/0! | J6: 79 | L6: =AVERAGE(J6:K6) -> 79 | N6: 85 | O6: =AVERAGE(M6:N6) -> 85 | R6: =AVERAGE(P6:Q6) -> #DIV/0! | S6: =(0.35*F6)+(0.25*I6)+(0.1*L6)+(0.15*O6)+(0.15*R6) -> #DIV/0! | V6: =IF(U6>=30,"87",IF(U6>=25,"84",IF(U6>=20,"81",IF(U6>=15,"78","60")))) -> 60 | W6: 79 | Y6: =AVERAGE(W6:X6) -> 79 | Z6: 90 | AB6: =AVERAGE(Z6:AA6) -> 90 | AC6: 71 | AE6: =AVERAGE(AC6:AD6) -> 71 | AH6: =AVERAGE(AF6:AG6) -> #DIV/0! | AI6: =(0.35*V6)+(0.25*Y6)+(0.1*AB6)+(0.15*AE6)+(0.15*AH6) -> #DIV/0!
A7: =D.SISWA!A7 -> 2 | B7: =D.SISWA!B52 -> 232401002 | C7: =D.SISWA!C52 -> CIKAL PUTRA SUBRANI | D7: =D.SISWA!D52 -> XII ACP | E7: 1 | F7: =IF(E7>=30,"87",IF(E7>=25,"84",IF(E7>=20,"81",IF(E7>=15,"78","60")))) -> 60 | I7: =AVERAGE(G7:H7) -> #DIV/0! | J7: 100 | L7: =AVERAGE(J7:K7) -> 100 | N7: 85 | O7: =AVERAGE(M7:N7) -> 85 | R7: =AVERAGE(P7:Q7) -> #DIV/0! | S7: =(0.35*F7)+(0.25*I7)+(0.1*L7)+(0.15*O7)+(0.15*R7) -> #DIV/0! | V7: =IF(U7>=30,"87",IF(U7>=25,"84",IF(U7>=20,"81",IF(U7>=15,"78","60")))) -> 60 | W7: 79 | Y7: =AVERAGE(W7:X7) -> 79 | Z7: 78 | AB7: =AVERAGE(Z7:AA7) -> 78 | AC7: 65 | AE7: =AVERAGE(AC7:AD7) -> 65 | AH7: =AVERAGE(AF7:AG7) -> #DIV/0! | AI7: =(0.35*V7)+(0.25*Y7)+(0.1*AB7)+(0.15*AE7)+(0.15*AH7) -> #DIV/0!
A8: =D.SISWA!A8 -> 3 | B8: =D.SISWA!B53 -> 232401003 | C8: =D.SISWA!C53 -> DODI ARIL FAUZI | D8: =D.SISWA!D53 -> XII ACP | E8: 0 | F8: =IF(E8>=30,"87",IF(E8>=25,"84",IF(E8>=20,"81",IF(E8>=15,"78","60")))) -> 60 | I8: =AVERAGE(G8:H8) -> #DIV/0! | J8: 83 | L8: =AVERAGE(J8:K8) -> 83 | N8: 85 | O8: =AVERAGE(M8:N8) -> 85 | R8: =AVERAGE(P8:Q8) -> #DIV/0! | S8: =(0.35*F8)+(0.25*I8)+(0.1*L8)+(0.15*O8)+(0.15*R8) -> #DIV/0! | V8: =IF(U8>=30,"87",IF(U8>=25,"84",IF(U8>=20,"81",IF(U8>=15,"78","60")))) -> 60 | W8: 79 | Y8: =AVERAGE(W8:X8) -> 79 | Z8: 100 | AB8: =AVERAGE(Z8:AA8) -> 100 | AC8: 87 | AE8: =AVERAGE(AC8:AD8) -> 87 | AH8: =AVERAGE(AF8:AG8) -> #DIV/0! | AI8: =(0.35*V8)+(0.25*Y8)+(0.1*AB8)+(0.15*AE8)+(0.15*AH8) -> #DIV/0!
A9: =D.SISWA!A9 -> 4 | B9: =D.SISWA!B54 -> 232401004 | C9: =D.SISWA!C54 -> EKI APRIANSYAH | D9: =D.SISWA!D54 -> XII ACP | E9: 0 | F9: =IF(E9>=30,"87",IF(E9>=25,"84",IF(E9>=20,"81",IF(E9>=15,"78","60")))) -> 60 | I9: =AVERAGE(G9:H9) -> #DIV/0! | J9: 89 | L9: =AVERAGE(J9:K9) -> 89 | N9: 85 | O9: =AVERAGE(M9:N9) -> 85 | R9: =AVERAGE(P9:Q9) -> #DIV/0! | S9: =(0.35*F9)+(0.25*I9)+(0.1*L9)+(0.15*O9)+(0.15*R9) -> #DIV/0! | V9: =IF(U9>=30,"87",IF(U9>=25,"84",IF(U9>=20,"81",IF(U9>=15,"78","60")))) -> 60 | W9: 85 | Y9: =AVERAGE(W9:X9) -> 85 | Z9: 100 | AB9: =AVERAGE(Z9:AA9) -> 100 | AC9: 59 | AE9: =AVERAGE(AC9:AD9) -> 59 | AH9: =AVERAGE(AF9:AG9) -> #DIV/0! | AI9: =(0.35*V9)+(0.25*Y9)+(0.1*AB9)+(0.15*AE9)+(0.15*AH9) -> #DIV/0!
A10: =D.SISWA!A10 -> 5 | B10: =D.SISWA!B55 -> 232401005 | C10: =D.SISWA!C55 -> ENENG SALSA NABILA | D10: =D.SISWA!D55 -> XII ACP | E10: 1 | F10: =IF(E10>=30,"87",IF(E10>=25,"84",IF(E10>=20,"81",IF(E10>=15,"78","60")))) -> 60 | I10: =AVERAGE(G10:H10) -> #DIV/0! | J10: 83 | L10: =AVERAGE(J10:K10) -> 83 | N10: 85 | O10: =AVERAGE(M10:N10) -> 85 | R10: =AVERAGE(P10:Q10) -> #DIV/0! | S10: =(0.35*F10)+(0.25*I10)+(0.1*L10)+(0.15*O10)+(0.15*R10) -> #DIV/0! | V10: =IF(U10>=30,"87",IF(U10>=25,"84",IF(U10>=20,"81",IF(U10>=15,"78","60")))) -> 60 | W10: 79 | Y10: =AVERAGE(W10:X10) -> 79 | Z10: 79 | AB10: =AVERAGE(Z10:AA10) -> 79 | AC10: 49 | AE10: =AVERAGE(AC10:AD10) -> 49 | AH10: =AVERAGE(AF10:AG10) -> #DIV/0! | AI10: =(0.35*V10)+(0.25*Y10)+(0.1*AB10)+(0.15*AE10)+(0.15*AH10) -> #DIV/0!
A11: =D.SISWA!A11 -> 6 | B11: =D.SISWA!B56 -> 232401006 | C11: =D.SISWA!C56 -> ERWIN SUHERWAN | D11: =D.SISWA!D56 -> XII ACP | E11: 0 | F11: =IF(E11>=30,"87",IF(E11>=25,"84",IF(E11>=20,"81",IF(E11>=15,"78","60")))) -> 60 | I11: =AVERAGE(G11:H11) -> #DIV/0! | J11: 83 | L11: =AVERAGE(J11:K11) -> 83 | N11: 85 | O11: =AVERAGE(M11:N11) -> 85 | R11: =AVERAGE(P11:Q11) -> #DIV/0! | S11: =(0.35*F11)+(0.25*I11)+(0.1*L11)+(0.15*O11)+(0.15*R11) -> #DIV/0! | V11: =IF(U11>=30,"87",IF(U11>=25,"84",IF(U11>=20,"81",IF(U11>=15,"78","60")))) -> 60 | W11: 79 | Y11: =AVERAGE(W11:X11) -> 79 | Z11: 84 | AB11: =AVERAGE(Z11:AA11) -> 84 | AC11: 85 | AE11: =AVERAGE(AC11:AD11) -> 85 | AH11: =AVERAGE(AF11:AG11) -> #DIV/0! | AI11: =(0.35*V11)+(0.25*Y11)+(0.1*AB11)+(0.15*AE11)+(0.15*AH11) -> #DIV/0!
A12: =D.SISWA!A12 -> 7 | B12: =D.SISWA!B57 -> 232401007 | C12: =D.SISWA!C57 -> FAUZAN SYA'BAN NUR'ISLAM | D12: =D.SISWA!D57 -> XII ACP | E12: 1 | F12: =IF(E12>=30,"87",IF(E12>=25,"84",IF(E12>=20,"81",IF(E12>=15,"78","60")))) -> 60 | I12: =AVERAGE(G12:H12) -> #DIV/0! | J12: 92 | L12: =AVERAGE(J12:K12) -> 92 | N12: 86 | O12: =AVERAGE(M12:N12) -> 86 | R12: =AVERAGE(P12:Q12) -> #DIV/0! | S12: =(0.35*F12)+(0.25*I12)+(0.1*L12)+(0.15*O12)+(0.15*R12) -> #DIV/0! | V12: =IF(U12>=30,"87",IF(U12>=25,"84",IF(U12>=20,"81",IF(U12>=15,"78","60")))) -> 60 | W12: 79 | Y12: =AVERAGE(W12:X12) -> 79 | Z12: 78 | AB12: =AVERAGE(Z12:AA12) -> 78 | AC12: 89 | AE12: =AVERAGE(AC12:AD12) -> 89 | AH12: =AVERAGE(AF12:AG12) -> #DIV/0! | AI12: =(0.35*V12)+(0.25*Y12)+(0.1*AB12)+(0.15*AE12)+(0.15*AH12) -> #DIV/0!
A13: =D.SISWA!A13 -> 8 | B13: =D.SISWA!B58 -> 232401008 | C13: =D.SISWA!C58 -> HERMAWAN ANGGARA | D13: =D.SISWA!D58 -> XII ACP | E13: 1 | F13: =IF(E13>=30,"87",IF(E13>=25,"84",IF(E13>=20,"81",IF(E13>=15,"78","60")))) -> 60 | I13: =AVERAGE(G13:H13) -> #DIV/0! | J13: 85 | L13: =AVERAGE(J13:K13) -> 85 | N13: 85 | O13: =AVERAGE(M13:N13) -> 85 | R13: =AVERAGE(P13:Q13) -> #DIV/0! | S13: =(0.35*F13)+(0.25*I13)+(0.1*L13)+(0.15*O13)+(0.15*R13) -> #DIV/0! | V13: =IF(U13>=30,"87",IF(U13>=25,"84",IF(U13>=20,"81",IF(U13>=15,"78","60")))) -> 60 | W13: 79 | Y13: =AVERAGE(W13:X13) -> 79 | Z13: 79 | AB13: =AVERAGE(Z13:AA13) -> 79 | AC13: 81 | AE13: =AVERAGE(AC13:AD13) -> 81 | AH13: =AVERAGE(AF13:AG13) -> #DIV/0! | AI13: =(0.35*V13)+(0.25*Y13)+(0.1*AB13)+(0.15*AE13)+(0.15*AH13) -> #DIV/0!
A14: =D.SISWA!A14 -> 9 | B14: =D.SISWA!B59 -> 232401009 | C14: =D.SISWA!C59 -> JANNATA TSAMANIYA ARSYISTAWAA | D14: =D.SISWA!D59 -> XII ACP | E14: 0 | F14: =IF(E14>=30,"87",IF(E14>=25,"84",IF(E14>=20,"81",IF(E14>=15,"78","60")))) -> 60 | I14: =AVERAGE(G14:H14) -> #DIV/0! | J14: 100 | L14: =AVERAGE(J14:K14) -> 100 | N14: 85 | O14: =AVERAGE(M14:N14) -> 85 | R14: =AVERAGE(P14:Q14) -> #DIV/0! | S14: =(0.35*F14)+(0.25*I14)+(0.1*L14)+(0.15*O14)+(0.15*R14) -> #DIV/0! | V14: =IF(U14>=30,"87",IF(U14>=25,"84",IF(U14>=20,"81",IF(U14>=15,"78","60")))) -> 60 | W14: 79 | Y14: =AVERAGE(W14:X14) -> 79 | Z14: 84 | AB14: =AVERAGE(Z14:AA14) -> 84 | AC14: 83 | AE14: =AVERAGE(AC14:AD14) -> 83 | AH14: =AVERAGE(AF14:AG14) -> #DIV/0! | AI14: =(0.35*V14)+(0.25*Y14)+(0.1*AB14)+(0.15*AE14)+(0.15*AH14) -> #DIV/0!
A15: =D.SISWA!A15 -> 10 | B15: =D.SISWA!B60 -> 232401011 | C15: =D.SISWA!C60 -> KAMILANIYA TSAQILA | D15: =D.SISWA!D60 -> XII ACP | E15: 1 | F15: =IF(E15>=30,"87",IF(E15>=25,"84",IF(E15>=20,"81",IF(E15>=15,"78","60")))) -> 60 | I15: =AVERAGE(G15:H15) -> #DIV/0! | J15: 93 | L15: =AVERAGE(J15:K15) -> 93 | N15: 86 | O15: =AVERAGE(M15:N15) -> 86 | R15: =AVERAGE(P15:Q15) -> #DIV/0! | S15: =(0.35*F15)+(0.25*I15)+(0.1*L15)+(0.15*O15)+(0.15*R15) -> #DIV/0! | V15: =IF(U15>=30,"87",IF(U15>=25,"84",IF(U15>=20,"81",IF(U15>=15,"78","60")))) -> 60 | W15: 79 | Y15: =AVERAGE(W15:X15) -> 79 | Z15: 87 | AB15: =AVERAGE(Z15:AA15) -> 87 | AC15: 85 | AE15: =AVERAGE(AC15:AD15) -> 85 | AH15: =AVERAGE(AF15:AG15) -> #DIV/0! | AI15: =(0.35*V15)+(0.25*Y15)+(0.1*AB15)+(0.15*AE15)+(0.15*AH15) -> #DIV/0!
A16: =D.SISWA!A16 -> 11 | B16: =D.SISWA!B61 -> 232401012 | C16: =D.SISWA!C61 -> KURNIASANDI AUNURRAFIQ | D16: =D.SISWA!D61 -> XII ACP | E16: 1 | F16: =IF(E16>=30,"87",IF(E16>=25,"84",IF(E16>=20,"81",IF(E16>=15,"78","60")))) -> 60 | I16: =AVERAGE(G16:H16) -> #DIV/0! | J16: 100 | L16: =AVERAGE(J16:K16) -> 100 | N16: 87 | O16: =AVERAGE(M16:N16) -> 87 | R16: =AVERAGE(P16:Q16) -> #DIV/0! | S16: =(0.35*F16)+(0.25*I16)+(0.1*L16)+(0.15*O16)+(0.15*R16) -> #DIV/0! | V16: =IF(U16>=30,"87",IF(U16>=25,"84",IF(U16>=20,"81",IF(U16>=15,"78","60")))) -> 60 | W16: 95 | Y16: =AVERAGE(W16:X16) -> 95 | Z16: 100 | AB16: =AVERAGE(Z16:AA16) -> 100 | AC16: 73 | AE16: =AVERAGE(AC16:AD16) -> 73 | AH16: =AVERAGE(AF16:AG16) -> #DIV/0! | AI16: =(0.35*V16)+(0.25*Y16)+(0.1*AB16)+(0.15*AE16)+(0.15*AH16) -> #DIV/0!
A17: =D.SISWA!A17 -> 12 | B17: =D.SISWA!B62 -> 232401013 | C17: =D.SISWA!C62 -> MIRNA SULASTRI | D17: =D.SISWA!D62 -> XII ACP | E17: 1 | F17: =IF(E17>=30,"87",IF(E17>=25,"84",IF(E17>=20,"81",IF(E17>=15,"78","60")))) -> 60 | I17: =AVERAGE(G17:H17) -> #DIV/0! | J17: 90 | L17: =AVERAGE(J17:K17) -> 90 | N17: 85 | O17: =AVERAGE(M17:N17) -> 85 | R17: =AVERAGE(P17:Q17) -> #DIV/0! | S17: =(0.35*F17)+(0.25*I17)+(0.1*L17)+(0.15*O17)+(0.15*R17) -> #DIV/0! | V17: =IF(U17>=30,"87",IF(U17>=25,"84",IF(U17>=20,"81",IF(U17>=15,"78","60")))) -> 60 | W17: 79 | Y17: =AVERAGE(W17:X17) -> 79 | Z17: 89 | AB17: =AVERAGE(Z17:AA17) -> 89 | AC17: 63 | AE17: =AVERAGE(AC17:AD17) -> 63 | AH17: =AVERAGE(AF17:AG17) -> #DIV/0! | AI17: =(0.35*V17)+(0.25*Y17)+(0.1*AB17)+(0.15*AE17)+(0.15*AH17) -> #DIV/0!
... A24: =D.SISWA!A24 -> 19 | B24: =D.SISWA!B69 -> 232401020 | C24: =D.SISWA!C69 -> WAHID DICKY NUGROHO | D24: =D.SISWA!D69 -> XII ACP | E24: 1 | F24: =IF(E24>=30,"87",IF(E24>=25,"84",IF(E24>=20,"81",IF(E24>=15,"78","60")))) -> 60 | I24: =AVERAGE(G24:H24) -> #DIV/0! | J24: 85 | L24: =AVERAGE(J24:K24) -> 85 | N24: 86 | O24: =AVERAGE(M24:N24) -> 86 | R24: =AVERAGE(P24:Q24) -> #DIV/0! | S24: =(0.35*F24)+(0.25*I24)+(0.1*L24)+(0.15*O24)+(0.15*R24) -> #DIV/0! | V24: =IF(U24>=30,"87",IF(U24>=25,"84",IF(U24>=20,"81",IF(U24>=15,"78","60")))) -> 60 | W24: 79 | Y24: =AVERAGE(W24:X24) -> 79 | Z24: 87 | AB24: =AVERAGE(Z24:AA24) -> 87 | AC24: 75 | AE24: =AVERAGE(AC24:AD24) -> 75 | AH24: =AVERAGE(AF24:AG24) -> #DIV/0! | AI24: =(0.35*V24)+(0.25*Y24)+(0.1*AB24)+(0.15*AE24)+(0.15*AH24) -> #DIV/0!
A25: =D.SISWA!A25 -> 20 | B25: =D.SISWA!B70 -> 232401021 | C25: =D.SISWA!C70 -> ABDUL HAKIM | D25: =D.SISWA!D70 -> XII RPL | U25: 1 | V25: =IF(U25>=30,"87",IF(U25>=25,"84",IF(U25>=20,"81",IF(U25>=15,"78","60")))) -> 60 | Y25: =AVERAGE(W25:X25) -> #DIV/0! | AB25: =AVERAGE(Z25:AA25) -> #DIV/0! | AC25: 63 | AE25: =AVERAGE(AC25:AD25) -> 63 | AH25: =AVERAGE(AF25:AG25) -> #DIV/0! | AI25: =(0.4*V25)+(0.1*Y25)+(0.1*AB25)+(0.2*AE25)+(0.2*AH25) -> #DIV/0!
A26: =D.SISWA!A26 -> 21 | B26: =D.SISWA!B71 -> 232401022 | C26: =D.SISWA!C71 -> ADITYA PUTRA NURAHMAN | D26: =D.SISWA!D71 -> XII RPL | U26: 1 | V26: =IF(U26>=30,"87",IF(U26>=25,"84",IF(U26>=20,"81",IF(U26>=15,"78","60")))) -> 60 | Y26: =AVERAGE(W26:X26) -> #DIV/0! | AB26: =AVERAGE(Z26:AA26) -> #DIV/0! | AC26: 73 | AE26: =AVERAGE(AC26:AD26) -> 73 | AH26: =AVERAGE(AF26:AG26) -> #DIV/0! | AI26: =(0.4*V26)+(0.1*Y26)+(0.1*AB26)+(0.2*AE26)+(0.2*AH26) -> #DIV/0!
A27: =D.SISWA!A27 -> 22 | B27: =D.SISWA!B72 -> 232401023 | C27: =D.SISWA!C72 -> ADRIAN BAGUS RAMADANI | D27: =D.SISWA!D72 -> XII RPL | U27: 1 | V27: =IF(U27>=30,"87",IF(U27>=25,"84",IF(U27>=20,"81",IF(U27>=15,"78","60")))) -> 60 | Y27: =AVERAGE(W27:X27) -> #DIV/0! | AB27: =AVERAGE(Z27:AA27) -> #DIV/0! | AC27: 20 | AE27: =AVERAGE(AC27:AD27) -> 20 | AH27: =AVERAGE(AF27:AG27) -> #DIV/0! | AI27: =(0.4*V27)+(0.1*Y27)+(0.1*AB27)+(0.2*AE27)+(0.2*AH27) -> #DIV/0!
A28: =D.SISWA!A28 -> 23 | B28: =D.SISWA!B73 -> 232401024 | C28: =D.SISWA!C73 -> AGIL AL PAUJI | D28: =D.SISWA!D73 -> XII RPL | U28: 1 | V28: =IF(U28>=30,"87",IF(U28>=25,"84",IF(U28>=20,"81",IF(U28>=15,"78","60")))) -> 60 | Y28: =AVERAGE(W28:X28) -> #DIV/0! | AB28: =AVERAGE(Z28:AA28) -> #DIV/0! | AC28: 69 | AE28: =AVERAGE(AC28:AD28) -> 69 | AH28: =AVERAGE(AF28:AG28) -> #DIV/0! | AI28: =(0.4*V28)+(0.1*Y28)+(0.1*AB28)+(0.2*AE28)+(0.2*AH28) -> #DIV/0!
A29: =D.SISWA!A29 -> 24 | B29: =D.SISWA!B74 -> 232401025 | C29: =D.SISWA!C74 -> AGUNAWAN | D29: =D.SISWA!D74 -> XII RPL | U29: 0 | V29: =IF(U29>=30,"87",IF(U29>=25,"84",IF(U29>=20,"81",IF(U29>=15,"78","60")))) -> 60 | Y29: =AVERAGE(W29:X29) -> #DIV/0! | AB29: =AVERAGE(Z29:AA29) -> #DIV/0! | AC29: 47 | AE29: =AVERAGE(AC29:AD29) -> 47 | AH29: =AVERAGE(AF29:AG29) -> #DIV/0! | AI29: =(0.4*V29)+(0.1*Y29)+(0.1*AB29)+(0.2*AE29)+(0.2*AH29) -> #DIV/0!
A30: =D.SISWA!A30 -> 25 | B30: =D.SISWA!B75 -> 232401026 | C30: =D.SISWA!C75 -> ALI AKBAR NUR SUBHKI | D30: =D.SISWA!D75 -> XII RPL | U30: 0 | V30: =IF(U30>=30,"87",IF(U30>=25,"84",IF(U30>=20,"81",IF(U30>=15,"78","60")))) -> 60 | Y30: =AVERAGE(W30:X30) -> #DIV/0! | AB30: =AVERAGE(Z30:AA30) -> #DIV/0! | AC30: 71 | AE30: =AVERAGE(AC30:AD30) -> 71 | AH30: =AVERAGE(AF30:AG30) -> #DIV/0! | AI30: =(0.4*V30)+(0.1*Y30)+(0.1*AB30)+(0.2*AE30)+(0.2*AH30) -> #DIV/0!
A31: =D.SISWA!A31 -> 26 | B31: =D.SISWA!B76 -> 232401027 | C31: =D.SISWA!C76 -> ALMA DEFAULIA MAHARANI | D31: =D.SISWA!D76 -> XII RPL | U31: 1 | V31: =IF(U31>=30,"87",IF(U31>=25,"84",IF(U31>=20,"81",IF(U31>=15,"78","60")))) -> 60 | Y31: =AVERAGE(W31:X31) -> #DIV/0! | AB31: =AVERAGE(Z31:AA31) -> #DIV/0! | AC31: 69 | AE31: =AVERAGE(AC31:AD31) -> 69 | AH31: =AVERAGE(AF31:AG31) -> #DIV/0! | AI31: =(0.4*V31)+(0.1*Y31)+(0.1*AB31)+(0.2*AE31)+(0.2*AH31) -> #DIV/0!
A32: =D.SISWA!A32 -> 27 | B32: =D.SISWA!B77 -> 232401028 | C32: =D.SISWA!C77 -> ARABI RUDINATA | D32: =D.SISWA!D77 -> XII RPL | U32: 1 | V32: =IF(U32>=30,"87",IF(U32>=25,"84",IF(U32>=20,"81",IF(U32>=15,"78","60")))) -> 60 | Y32: =AVERAGE(W32:X32) -> #DIV/0! | AB32: =AVERAGE(Z32:AA32) -> #DIV/0! | AC32: 65 | AE32: =AVERAGE(AC32:AD32) -> 65 | AH32: =AVERAGE(AF32:AG32) -> #DIV/0! | AI32: =(0.4*V32)+(0.1*Y32)+(0.1*AB32)+(0.2*AE32)+(0.2*AH32) -> #DIV/0!
A33: =D.SISWA!A33 -> 28 | B33: =D.SISWA!B78 -> 232401029 | C33: =D.SISWA!C78 -> ARDIANSYAH | D33: =D.SISWA!D78 -> XII RPL | U33: 1 | V33: =IF(U33>=30,"87",IF(U33>=25,"84",IF(U33>=20,"81",IF(U33>=15,"78","60")))) -> 60 | Y33: =AVERAGE(W33:X33) -> #DIV/0! | AB33: =AVERAGE(Z33:AA33) -> #DIV/0! | AC33: 59 | AE33: =AVERAGE(AC33:AD33) -> 59 | AH33: =AVERAGE(AF33:AG33) -> #DIV/0! | AI33: =(0.4*V33)+(0.1*Y33)+(0.1*AB33)+(0.2*AE33)+(0.2*AH33) -> #DIV/0!
A34: =D.SISWA!A34 -> 29 | B34: =D.SISWA!B79 -> 232401030 | C34: =D.SISWA!C79 -> ASTRI LIANTI | D34: =D.SISWA!D79 -> XII RPL | U34: 1 | V34: =IF(U34>=30,"87",IF(U34>=25,"84",IF(U34>=20,"81",IF(U34>=15,"78","60")))) -> 60 | Y34: =AVERAGE(W34:X34) -> #DIV/0! | AB34: =AVERAGE(Z34:AA34) -> #DIV/0! | AC34: 67 | AE34: =AVERAGE(AC34:AD34) -> 67 | AH34: =AVERAGE(AF34:AG34) -> #DIV/0! | AI34: =(0.4*V34)+(0.1*Y34)+(0.1*AB34)+(0.2*AE34)+(0.2*AH34) -> #DIV/0!
A35: =D.SISWA!A35 -> 30 | B35: =D.SISWA!B80 -> 232401031 | C35: =D.SISWA!C80 -> AURA PUTRI RAMADANI | D35: =D.SISWA!D80 -> XII RPL | U35: 1 | V35: =IF(U35>=30,"87",IF(U35>=25,"84",IF(U35>=20,"81",IF(U35>=15,"78","60")))) -> 60 | Y35: =AVERAGE(W35:X35) -> #DIV/0! | AB35: =AVERAGE(Z35:AA35) -> #DIV/0! | AC35: 51 | AE35: =AVERAGE(AC35:AD35) -> 51 | AH35: =AVERAGE(AF35:AG35) -> #DIV/0! | AI35: =(0.4*V35)+(0.1*Y35)+(0.1*AB35)+(0.2*AE35)+(0.2*AH35) -> #DIV/0!
A36: =D.SISWA!A36 -> 31 | B36: =D.SISWA!B81 -> 232401032 | C36: =D.SISWA!C81 -> ERLANGGA WIRADINATA | D36: =D.SISWA!D81 -> XII RPL | U36: 1 | V36: =IF(U36>=30,"87",IF(U36>=25,"84",IF(U36>=20,"81",IF(U36>=15,"78","60")))) -> 60 | Y36: =AVERAGE(W36:X36) -> #DIV/0! | AB36: =AVERAGE(Z36:AA36) -> #DIV/0! | AC36: 73 | AE36: =AVERAGE(AC36:AD36) -> 73 | AH36: =AVERAGE(AF36:AG36) -> #DIV/0! | AI36: =(0.4*V36)+(0.1*Y36)+(0.1*AB36)+(0.2*AE36)+(0.2*AH36) -> #DIV/0!
... A53: =D.SISWA!A53 -> 48 | B53: =D.SISWA!B98 -> 232401054 | C53: =D.SISWA!C98 -> VIRZY PRATAMA | D53: =D.SISWA!D98 -> XII RPL | U53: 1 | V53: =IF(U53>=30,"87",IF(U53>=25,"84",IF(U53>=20,"81",IF(U53>=15,"78","60")))) -> 60 | Y53: =AVERAGE(W53:X53) -> #DIV/0! | AB53: =AVERAGE(Z53:AA53) -> #DIV/0! | AC53: 45 | AE53: =AVERAGE(AC53:AD53) -> 45 | AH53: =AVERAGE(AF53:AG53) -> #DIV/0! | AI53: =(0.4*V53)+(0.1*Y53)+(0.1*AB53)+(0.2*AE53)+(0.2*AH53) -> #DIV/0!
O55: ACP | AE55: ACP
O56: Absensi | P56: 35 | AE56: Absensi | AF56: 35
O57: Prjct | P57: 25 | AE57: Prjct | AF57: 25
O58: NUH | P58: 10 | AE58: NUH | AF58: 10
O59: PTS | P59: 15 | AE59: PTS | AF59: 15
O60: PAS | P60: 15 | AE60: PAS | AF60: 15

Sheet MAPEL
B1: HARI | C1: WAKTU | D1: MAPEL | E1: KELAS
B2: SENIN | C2: 08.00 - 09.30 | D2: DDPPLG | E2: 10 ACP
C3: 10.30 - 12.00 | D3: PPB | E3: 11 PPLG
C4: 12.45 - 15.00 | D4: BD | E4: 12 PPLG
B5: SELASA | C5: 07.15 - 09.30 | D5: DDPPLG | E5: 10 PPLG
C6: 10.30 - 12.00 | D6: LS | E6: 12 ACP
C7: 12.45 - 13.30 | D7: BD | E7: 12 ACP
C8: 12.45 - 14.15 | D8: ACP 1,2,3 | E8: 10 ACP
C9: 14.15 - 15.45 | D9: BD | E9: 12 PPLG
B10: RABU | C10: 07.15 - 08.45 | D10: IOT | E10: 11 ACP
C11: 08.45 - 10.15 | D11: IOT | E11: 11 PPLG
C12: 12.45 - 14.15 | D12: PPB | E12: 11 ACP
C13: 14.15 - 15.45 | D13: PPB | E13: 11 PPLG
B14: KAMIS | C14: 07.15 - 10.15 | D14: BD | E14: 11 PPLG
C15: 12.45 - 15.45 | D15: BD | E15: 11 ACP
B16: JUMAT | C16: 07.15 - 09.30 | D16: BD | E16: 12 ACP
C17: 09.45 - 11.15 | D17: PPB | E17: 11 ACP
B19: KODE
B20: 4A | C20: DDPPLG
B21: 4B | C21: BD
B22: 4C | C22: Pemrograman Perangkat Bergerak
B23: 4D | C23: AT Internet Of Things(IOT)
B24: 4E | C24: ACP 1,2,3
B25: 4F | C25: LS

Sheet LEGER
A1: NO | B1: NIS | C1: NAMA SISWA | D1: KELAS | E1: SEMESTER
E4: 1 | F4: 2 | G4: 3 | J4: 4
A5: 1 | B5: 2 | C5: 3 | D5: 4 | G5: BD | H5: PPB | I5: IOT | J5: BD | K5: PPB | L5: IOT | M5: 5 | N5: 6
A6: =D.SISWA!A6 -> 1 | B6: =D.SISWA!B6 -> 242501001 | C6: =D.SISWA!C6 -> ALVIN PRASETIA | D6: =D.SISWA!D6 -> XI ACP
A7: =D.SISWA!A7 -> 2 | B7: =D.SISWA!B7 -> 242501002 | C7: =D.SISWA!C7 -> AKBAR MAULANA | D7: =D.SISWA!D7 -> XI ACP
A8: =D.SISWA!A8 -> 3 | B8: =D.SISWA!B8 -> 242501003 | C8: =D.SISWA!C8 -> FADIL ABDUL AZIZ | D8: =D.SISWA!D8 -> XI ACP
A9: =D.SISWA!A9 -> 4 | B9: =D.SISWA!B9 -> 242501004 | C9: =D.SISWA!C9 -> FAJAR MAULANA NUGRAHA | D9: =D.SISWA!D9 -> XI ACP
A10: =D.SISWA!A10 -> 5 | B10: =D.SISWA!B10 -> 242501105 | C10: =D.SISWA!C10 -> KHANSA AZRIZA | D10: =D.SISWA!D10 -> XI ACP
A11: =D.SISWA!A11 -> 6 | B11: =D.SISWA!B11 -> 242501005 | C11: =D.SISWA!C11 -> RAYA AULIA NAJMI | D11: =D.SISWA!D11 -> XI ACP
A12: =D.SISWA!A12 -> 7 | B12: =D.SISWA!B12 -> 242501006 | C12: =D.SISWA!C12 -> SARAH ANGGI APIKA Z | D12: =D.SISWA!D12 -> XI ACP
A13: =D.SISWA!A13 -> 8 | B13: =D.SISWA!B13 -> 242501007 | C13: =D.SISWA!C13 -> REINHART IMANUEL ARITONANG | D13: =D.SISWA!D13 -> XI ACP
A14: =D.SISWA!A14 -> 9 | B14: =D.SISWA!B14 -> 242501008 | C14: =D.SISWA!C14 -> RIVQI WILIAWAN | D14: =D.SISWA!D14 -> XI ACP
A15: =D.SISWA!A15 -> 10 | B15: =D.SISWA!B15 -> 242502116 | C15: =D.SISWA!C15 -> SRI RAHAYU | D15: =D.SISWA!D15 -> XI ACP
A16: =D.SISWA!A16 -> 11 | B16: =D.SISWA!B16 -> 242501009 | C16: =D.SISWA!C16 -> ZALZA BYLLA OKTAFEVIYANA | D16: =D.SISWA!D16 -> XI ACP
A17: =D.SISWA!A17 -> 12 | B17: =D.SISWA!B17 -> 242501010 | C17: =D.SISWA!C17 -> ABDUL EPAN | D17: =D.SISWA!D17 -> XI RPL
... A50: =D.SISWA!A50 -> 45 | B50: =D.SISWA!B50 -> 242501046 | C50: =D.SISWA!C50 -> WIDYA IDAMATULSILMI | D50: =D.SISWA!D50 -> XI RPL
A51: =D.SISWA!A51 -> 46 | B51: =D.SISWA!B51 -> 232401001 | C51: =D.SISWA!C51 -> ALGAM RISGI SUGIRMAN | D51: =D.SISWA!D51 -> XII ACP | J51: 82 | K51: 85 | L51: 82
A52: =D.SISWA!A52 -> 47 | B52: =D.SISWA!B52 -> 232401002 | C52: =D.SISWA!C52 -> CIKAL PUTRA SUBRANI | D52: =D.SISWA!D52 -> XII ACP | J52: 83 | K52: 84 | L52: 83
A53: =D.SISWA!A53 -> 48 | B53: =D.SISWA!B53 -> 232401003 | C53: =D.SISWA!C53 -> DODI ARIL FAUZI | D53: =D.SISWA!D53 -> XII ACP | J53: 86 | K53: 86 | L53: 86
A54: =D.SISWA!A54 -> 49 | B54: =D.SISWA!B54 -> 232401004 | C54: =D.SISWA!C54 -> EKI APRIANSYAH | D54: =D.SISWA!D54 -> XII ACP | J54: 87 | K54: 86 | L54: 87
A55: =D.SISWA!A55 -> 50 | B55: =D.SISWA!B55 -> 232401005 | C55: =D.SISWA!C55 -> ENENG SALSA NABILA | D55: =D.SISWA!D55 -> XII ACP | J55: 81 | K55: 83 | L55: 81
A56: =D.SISWA!A56 -> 51 | B56: =D.SISWA!B56 -> 232401006 | C56: =D.SISWA!C56 -> ERWIN SUHERWAN | D56: =D.SISWA!D56 -> XII ACP | J56: 87 | K56: 84 | L56: 87
A57: =D.SISWA!A57 -> 52 | B57: =D.SISWA!B57 -> 232401007 | C57: =D.SISWA!C57 -> FAUZAN SYA'BAN NUR'ISLAM | D57: =D.SISWA!D57 -> XII ACP | J57: 87 | K57: 86 | L57: 87
A58: =D.SISWA!A58 -> 53 | B58: =D.SISWA!B58 -> 232401008 | C58: =D.SISWA!C58 -> HERMAWAN ANGGARA | D58: =D.SISWA!D58 -> XII ACP | J58: 83 | K58: 84 | L58: 83
A59: =D.SISWA!A59 -> 54 | B59: =D.SISWA!B59 -> 232401009 | C59: =D.SISWA!C59 -> JANNATA TSAMANIYA ARSYISTAWAA | D59: =D.SISWA!D59 -> XII ACP | J59: 84 | K59: 88 | L59: 84
A60: =D.SISWA!A60 -> 55 | B60: =D.SISWA!B60 -> 232401011 | C60: =D.SISWA!C60 -> KAMILANIYA TSAQILA | D60: =D.SISWA!D60 -> XII ACP | J60: 87 | K60: 87 | L60: 87
A61: =D.SISWA!A61 -> 56 | B61: =D.SISWA!B61 -> 232401012 | C61: =D.SISWA!C61 -> KURNIASANDI AUNURRAFIQ | D61: =D.SISWA!D61 -> XII ACP | J61: 85 | K61: 88 | L61: 85
A62: =D.SISWA!A62 -> 57 | B62: =D.SISWA!B62 -> 232401013 | C62: =D.SISWA!C62 -> MIRNA SULASTRI | D62: =D.SISWA!D62 -> XII ACP | J62: 87 | K62: 85 | L62: 87
... A98: =D.SISWA!A98 -> 93 | B98: =D.SISWA!B98 -> 232401054 | C98: =D.SISWA!C98 -> VIRZY PRATAMA | D98: =D.SISWA!D98 -> XII RPL | J98: 89 | K98: 87 | L98: 88
A99: =D.SISWA!A99 -> 0 | B99: =D.SISWA!B99 -> 0 | C99: =D.SISWA!C99 -> ALDIANSAH | D99: =D.SISWA!D99 -> X ACP
A100: =D.SISWA!A100 -> 0 | B100: =D.SISWA!B100 -> 0 | C100: =D.SISWA!C100 -> ALIEF SANJANI | D100: =D.SISWA!D100 -> X ACP
A101: =D.SISWA!A101 -> 0 | B101: =D.SISWA!B101 -> 0 | C101: =D.SISWA!C101 -> CANZA YUDIA MULYA | D101: =D.SISWA!D101 -> X ACP
A102: =D.SISWA!A102 -> 0 | B102: =D.SISWA!B102 -> 0 | C102: =D.SISWA!C102 -> DEFIN PRASETYA | D102: =D.SISWA!D102 -> X ACP
A103: =D.SISWA!A103 -> 0 | B103: =D.SISWA!B103 -> 0 | C103: =D.SISWA!C103 -> FIKRI FAHRIANSAH | D103: =D.SISWA!D103 -> X ACP
A104: =D.SISWA!A104 -> 0 | B104: =D.SISWA!B104 -> 0 | C104: =D.SISWA!C104 -> JISVI DWI ANDREANS | D104: =D.SISWA!D104 -> X ACP
A105: =D.SISWA!A105 -> 0 | B105: =D.SISWA!B105 -> 0 | C105: =D.SISWA!C105 -> KENZI REYNALDI | D105: =D.SISWA!D105 -> X ACP
A106: =D.SISWA!A106 -> 0 | B106: =D.SISWA!B106 -> 0 | C106: =D.SISWA!C106 -> LIANA NARASAKI | D106: =D.SISWA!D106 -> X ACP
A107: =D.SISWA!A107 -> 0 | B107: =D.SISWA!B107 -> 0 | C107: =D.SISWA!C107 -> FADIL BAIHAQI | D107: =D.SISWA!D107 -> X ACP
A108: =D.SISWA!A108 -> 0 | B108: =D.SISWA!B108 -> 0 | C108: =D.SISWA!C108 -> MAULIDA | D108: =D.SISWA!D108 -> X ACP
A109: =D.SISWA!A109 -> 0 | B109: =D.SISWA!B109 -> 0 | C109: =D.SISWA!C109 -> MIRAJ AKBAR PA | D109: =D.SISWA!D109 -> X ACP
A110: =D.SISWA!A110 -> 0 | B110: =D.SISWA!B110 -> 0 | C110: =D.SISWA!C110 -> MUHAMMAD DAVID | D110: =D.SISWA!D110 -> X ACP
... A166: =D.SISWA!A166 -> 0 | B166: =D.SISWA!B166 -> 0 | C166: =D.SISWA!C166 -> 0 | D166: =D.SISWA!D166 -> 0
